Nr;Gebiet;gehört zu;Wahlberechtigte;;Wählende;;Ungültige Stimmen;;Gültige Stimmen;;SPD;;CDU;;Gruene;;FDP;;AfD;;CSU;;Linke;;FREIE WÄHLER;;PARTEI MENSCH UMWELT TIERSCHUTZ;;Basisdemokratische Partei Deutschland;;Partei für Arbeit, Rechtsstaat, Tierschutz, Elitenförderung und basisdemokratische Initiative;;Die Gerechtigkeitspartei – Team Todenhöfer;;Piratenpartei Deutschland;;Volt Deutschland;;Ökologisch-Demokratische Partei - Die Naturschutzpartei;;Südschleswigscher Wählerverband;;Partei für Verjüngungsforschung;;Partei der Humanisten - Fakten, Freiheit, Fortschritt;;Bündnis C - Christen für Deutschland;;Bayernpartei;;Marxistisch-Leninistische Partei Deutschlands;;Menschliche Welt - für das Wohl und Glücklichsein aller;;Partei des Fortschritts;;Sozialistische Gleichheitspartei, Vierte Internationale;;Bürgerrechtsbewegung Solidarität;;BÜNDNIS DEUTSCHLAND;;BSW;;MERA25 - Gemeinsam für Europäische Unabhängigkeit;;WerteUnion;;Übrige;
;;;Erststimmen;Zweitstimmen;Erststimmen;Zweitstimmen;Erststimmen;Zweitstimmen;Erststimmen;Zweitstimmen;Erststimmen;Zweitstimmen;Erststimmen;Zweitstimmen;Erststimmen;Zweitstimmen;Erststimmen;Zweitstimmen;Erststimmen;Zweitstimmen;Erststimmen;Zweitstimmen;Erststimmen;Zweitstimmen;Erststimmen;Zweitstimmen;Erststimmen;Zweitstimmen;Erststimmen;Zweitstimmen;Erststimmen;Zweitstimmen;Erststimmen;Zweitstimmen;Erststimmen;Zweitstimmen;Erststimmen;Zweitstimmen;Erststimmen;Zweitstimmen;Erststimmen;Zweitstimmen;Erststimmen;Zweitstimmen;Erststimmen;Zweitstimmen;Erststimmen;Zweitstimmen;Erststimmen;Zweitstimmen;Erststimmen;Zweitstimmen;Erststimmen;Zweitstimmen;Erststimmen;Zweitstimmen;Erststimmen;Zweitstimmen;Erststimmen;Zweitstimmen;Erststimmen;Zweitstimmen;Erststimmen;Zweitstimmen;Erststimmen;Zweitstimmen;Erststimmen;Zweitstimmen;Erststimmen;Zweitstimmen
001;Flensburg – Schleswig;01;232158;232158;192866;192866;1134;1027;191732;191839;28366;30544;50822;47683;43290;30590;4484;7065;28824;29267;;;10370;15894;1544;1136;;;;;;1210;;;;;1451;1450;;;21465;20573;;;;;;;;;;53;;;;;;;;;646;329;;6045;;;;;470;
002;Nordfriesland – Dithmarschen Nord;01;186019;186019;153755;153755;1043;855;152712;152900;31169;26637;49866;45300;16627;18763;5749;7617;24472;24564;;;7919;9437;1485;1098;;;;;;1067;;;;;1172;1023;;;14253;12263;;;;;;;;;;48;;;;;;;;;;177;;4906;;;;;;
003;Steinburg – Dithmarschen Süd;01;175816;175816;146576;146576;1141;805;145435;145771;30733;25645;50928;42612;14468;16079;5647;7447;29693;29679;;;8709;9684;3120;1552;;;;;;1213;;;;;2137;1233;;;;4991;;;;;;;;;;45;;;;;;;;;;236;;5355;;;;;;
004;Rendsburg-Eckernförde;01;202737;202737;172519;172519;1152;873;171367;171646;36266;30418;56163;50231;20473;25226;8170;7956;26417;27498;;;8675;10887;1367;992;;;;;;1161;;;;;1327;974;;;11075;10500;;;;;;;;;;42;;;;;;;;;632;298;;5463;;;;;802;
005;Kiel;01;201504;201504;167205;167205;1025;901;166180;166304;36688;32088;34941;32842;43283;38149;4825;6567;17811;17883;;;15946;22779;777;575;;;;;2020;1457;;;;;2526;1927;;;7363;6343;;;;;;;;;;61;;;;;;;;;;185;;5448;;;;;;
006;Plön – Neumünster;01;173740;173740;143605;143605;1892;950;141713;142655;33977;27342;46370;40815;18852;19957;4693;6150;25249;25683;;;7623;9657;3022;1147;;;;;;992;;;;;1927;1123;;;;4530;;;;;;;;;;40;;;;;;;;;;177;;5042;;;;;;
007;Pinneberg;01;236765;236765;200312;200312;1213;1020;199099;199292;49714;40326;63231;57532;25395;28967;7674;10086;30417;31098;;;12683;15064;2190;1313;;;;;;1360;;;;;2422;2016;;;4617;3976;;;;;;;;;;47;;;;;;;;;756;385;;7122;;;;;;
008;Segeberg – Stormarn-Mitte;01;249213;249213;211550;211550;1501;1039;210049;210511;51437;40275;67881;61079;24800;28809;9417;10974;36071;36211;;;12636;14887;3262;1706;;;;;;1705;;;;;3352;2172;;;;4388;;;;;;;;;;56;;;;;;;;;1193;505;;7744;;;;;;
009;Ostholstein – Stormarn-Nord;01;181111;181111;150788;150788;1118;797;149670;149991;38071;29510;52022;46721;15636;19095;5422;7656;25929;26494;;;8232;8935;2636;1356;;;;;;1062;;;;;1722;1091;;;;3166;;;;;;;;;;42;;;;;;;;;;232;;4631;;;;;;
010;Herzogtum Lauenburg – Stormarn-Süd;01;245477;245477;208075;208075;1443;1072;206632;207003;48273;39860;67641;61515;29012;28853;7445;11091;35419;35560;;;12160;14253;3784;1770;;;;;;1364;;;;;2898;1974;;;;2732;;;;;;;;;;57;;;;;;;;;;309;;7665;;;;;;
011;Lübeck;01;178245;178245;142999;142999;1247;829;141752;142170;39809;30026;33695;32037;27477;25444;4028;5547;21972;22254;;;10175;14921;1960;1006;;;;;;1147;;;;;2350;1529;;;;2664;;;;;;;;;286;90;;;;;;;;;;198;;5307;;;;;;
01;Schleswig-Holstein;99;2262785;2262785;1890250;1890250;13909;10168;1876341;1880082;424503;352671;573560;518367;279313;279932;67554;88156;302274;306191;;;115128;146398;25147;13651;;;;;2020;13738;;;;;23284;16512;;;58773;76126;;;;;;;;;286;581;;;;;;;;;3227;3031;;64728;;;;;1272;
;;;;;;;;;;;;;;;;;;;;;;;;;;;;;;;;;;;;;;;;;;;;;;;;;;;;;;;;;;;;;;;;;;;;;;
012;Schwerin – Ludwigslust-Parchim I – Nordwestmecklenburg I;13;212861;212861;171875;171875;2126;1455;169749;170420;34101;24693;35453;32209;5531;9494;4870;5613;60863;54975;;;21569;19558;4753;1977;;2310;;;;;;;;;;1050;;;;;;;;;;;;;664;183;;;;;;;;;1945;706;;17652;;;;;;
013;Ludwigslust-Parchim II – Nordwestmecklenburg II – Landkreis Rostock I;13;202444;202444;162889;162889;1663;1166;161226;161723;34654;23009;32839;29812;5747;7744;4422;4921;59416;56236;;;18094;17339;6054;1875;;2238;;;;;;;;;;997;;;;;;;;;;;;;;99;;;;;;;;;;461;;16992;;;;;;
014;Rostock – Landkreis Rostock II;13;221158;221158;179099;179099;1534;1094;177565;178005;30031;25383;34403;29907;9397;15933;5037;6057;47598;45612;;;45521;30739;3431;1505;;2783;;;;;;;;;;1702;;;;;;;;;;;;;620;238;;;;;;;;;1527;548;;17598;;;;;;
015;Vorpommern-Rügen – Vorpommern-Greifswald I;13;237079;237079;186436;186436;1784;1356;184652;185080;26883;19150;39235;32675;9064;11466;4814;6204;68842;65647;;;24635;23214;4979;2130;6200;3844;;;;;;;;;;1372;;;;;;;;;;;;;;134;;;;;;;;;;472;;18772;;;;;;
016;Mecklenburgische Seenplatte I – Vorpommern-Greifswald II;13;215716;215716;168238;168238;2154;1400;166084;166838;22871;16306;33050;28878;3787;4721;5881;5252;75083;71490;;;18008;15824;4772;1679;;2524;;;;;;;;;;645;;;;;;;;;;;;;;97;;;;;;;;;;420;;19002;;;;;2632;
017;Mecklenburgische Seenplatte II – Landkreis Rostock III;13;204474;204474;160613;160613;2186;1454;158427;159159;31002;18162;30808;28482;3370;5363;4314;4632;65035;63396;;;16952;16377;3582;1630;;1973;;;;;;;;;;584;;;;;;;;;;;;;;96;;;;;;;;;3364;724;;17740;;;;;;
13;Mecklenburg-Vorpommern;99;1293732;1293732;1029150;1029150;11447;7925;1017703;1021225;179542;126703;205788;181963;36896;54721;29338;32679;376837;357356;;;144779;123051;27571;10796;6200;15672;;;;;;;;;;6350;;;;;;;;;;;;;1284;847;;;;;;;;;6836;3331;;107756;;;;;2632;
;;;;;;;;;;;;;;;;;;;;;;;;;;;;;;;;;;;;;;;;;;;;;;;;;;;;;;;;;;;;;;;;;;;;;;
018;Hamburg-Mitte;02;243951;243951;189434;189434;1683;1102;187751;188332;51536;41803;31829;29588;40344;38169;6539;7745;19898;19813;;;31014;35750;1467;666;;1826;;;;1065;;;;;4688;3022;;;;;;;;;;;;;436;129;;;;;;;;;;242;;8514;;;;;;
019;Hamburg-Altona;02;188984;188984;158772;158772;1234;677;157538;158095;36910;32490;33392;30863;43349;37452;5278;7377;11902;11596;;;25270;28455;1029;362;;1134;;;;603;;;;;;2263;;;;;;;;;;;;;408;101;;;;;;;;;;155;;5244;;;;;;
020;Hamburg-Eimsbüttel;02;194724;194724;165711;165711;1139;674;164572;165037;42720;36884;34476;33328;45766;39549;6658;8099;12671;12450;;;20727;23991;1554;472;;1319;;;;633;;;;;;2703;;;;;;;;;;;;;;66;;;;;;;;;;166;;5377;;;;;;
021;Hamburg-Nord;02;222153;222153;190233;190233;1167;728;189066;189505;50336;42685;53094;49436;42876;39931;7028;11090;15266;15782;;;14915;19315;1376;590;;1492;;;;624;;;;;4175;2635;;;;;;;;;;;;;;46;;;;;;;;;;179;;5700;;;;;;
022;Hamburg-Wandsbek;02;230495;230495;179893;179893;1751;1019;178142;178874;57591;44504;43928;39925;23210;25956;5710;7345;25873;25266;;;18926;20488;2455;935;;2168;;;;830;;;;;;2656;;;;;;;;;;;;;449;83;;;;;;;;;;254;;8464;;;;;;
023;Hamburg-Bergedorf – Harburg;02;218953;218953;166191;166191;1733;1165;164458;165026;52896;39198;35154;33642;19091;20704;4152;5422;28958;28556;;;18994;22931;1813;855;;1768;;;;762;;;;;3050;2276;;;;;;;;;;;;;350;105;;;;;;;;;;279;;8528;;;;;;
02;Hamburg;99;1299260;1299260;1050234;1050234;8707;5365;1041527;1044869;291989;237564;231873;216782;214636;201761;35365;47078;114568;113463;;;129846;150930;9694;3880;;9707;;;;4517;;;;;11913;15555;;;;;;;;;;;;;1643;530;;;;;;;;;;1275;;41827;;;;;;
;;;;;;;;;;;;;;;;;;;;;;;;;;;;;;;;;;;;;;;;;;;;;;;;;;;;;;;;;;;;;;;;;;;;;;
024;Aurich – Emden;03;189800;189800;155709;155709;1282;1024;154427;154685;63565;44286;34069;36007;7791;12748;3569;5052;31160;32478;;;8949;11682;;1316;4303;2530;;388;;642;;;;249;;594;;;;;;;;72;;;;;;34;;;;;;;;;;161;;6446;;;;;1021;
025;Unterems;03;237527;237527;198291;198291;1448;1067;196843;197224;44288;42893;79773;64643;13738;14267;4977;7717;40000;41176;;;10835;12955;3232;1428;;2081;;540;;863;;;;271;;677;;;;;;;;102;;;;;;27;;;;;;;;;;240;;7344;;;;;;
026;Friesland – Wilhelmshaven – Wittmund;03;185863;185863;150781;150781;1152;877;149629;149904;52913;38211;40089;39618;8630;12572;3974;5961;29525;30278;;;8246;10896;2534;1232;;2283;1189;550;1508;827;;;;235;1021;756;;;;;;;;114;;;;;;51;;;;;;;;;;199;;6121;;;;;;
027;Oldenburg – Ammerland;03;229344;229344;194106;194106;1390;925;192716;193181;66280;46024;46173;46074;28728;31857;5996;8555;25045;24919;;;15673;21699;2071;945;;2027;;337;;966;;;;269;2750;1722;;;;;;;;173;;;;;;55;;;;;;;;;;200;;7359;;;;;;
028;Delmenhorst – Wesermarsch – Oldenburg-Land;03;225013;225013;185081;185081;1543;1000;183538;184081;48627;43835;53760;48101;18021;18435;10206;9047;35329;35955;;;12645;13613;3925;1917;;2395;;402;;862;;;;289;;1062;;;;;;;;130;;;;;;30;;;;;;;;;1025;378;;7630;;;;;;
029;Cuxhaven – Stade II;03;187076;187076;155176;155176;1143;788;154033;154388;46915;37040;50395;45964;11030;13656;4166;5823;30472;30933;;;7968;9280;3087;1232;;2095;;530;;635;;;;225;;967;;;;;;;;65;;;;;;24;;;;;;;;;;190;;5729;;;;;;
030;Stade I – Rotenburg II;03;197850;197850;167119;167119;1217;777;165902;166342;42393;36582;60301;51046;16205;18203;4663;6693;29890;30498;;;10350;11789;;1111;;1765;;449;;816;;;;287;2100;1238;;;;;;;;113;;;;;;27;;;;;;;;;;218;;5507;;;;;;
031;Mittelems;03;233784;233784;199529;199529;1210;915;198319;198614;48525;42166;86795;78008;14462;17256;6904;8921;27994;28483;;;10171;12609;2833;1267;;1618;;336;;764;;;;222;;729;;;;;;;;103;;;;;;28;;;;;;;;;635;287;;5817;;;;;;
032;Cloppenburg – Vechta;03;225099;225099;187174;187174;1198;997;185976;186177;32515;29053;85241;73616;11280;13277;6135;8432;38366;38357;;;9485;11518;2954;1703;;1533;;366;;638;;;;256;;851;;;;;;;;104;;;;;;22;;;;;;;;;;231;;6220;;;;;;
033;Diepholz – Nienburg I;03;194010;194010;162072;162072;1113;755;160959;161317;44311;36820;56910;49080;13005;16558;5318;7376;27353;28346;;;9613;10982;4449;1943;;1807;;414;;694;;;;234;;807;;;;;;;;95;;;;;;29;;;;;;;;;;212;;5920;;;;;;
034;Osterholz – Verden;03;196082;196082;166157;166157;1094;762;165063;165395;40963;38009;59321;46321;18449;20450;4952;6942;28052;29180;;;11071;12060;;953;;2005;;434;;699;;;;248;2255;1176;;;;;;;;114;;;;;;37;;;;;;;;;;236;;6531;;;;;;
035;Rotenburg I – Heidekreis;03;168109;168109;139393;139393;1141;803;138252;138590;58184;34349;37770;38933;7411;12795;3261;5118;26667;27466;;;;9777;2923;1329;;1695;;295;;591;;;;203;2036;998;;;;;;;;89;;;;;;20;;;;;;;;;;169;;4763;;;;;;
036;Harburg;03;202671;202671;175134;175134;1176;705;173958;174429;45742;35733;57718;53029;18423;22502;6047;8478;28906;29324;;;10309;12298;3142;1602;;1991;;491;;704;;;;258;2625;1461;;;;;;;;105;;;;;;31;;;;;;;;;;189;;6233;;;;;1046;
037;Lüchow-Dannenberg – Lüneburg;03;182679;182679;154831;154831;944;676;153887;154155;42817;32399;40541;37097;25243;25602;3894;5627;23895;25017;;;10925;15934;3710;1880;;1766;1524;565;;802;;;;258;1338;977;;;;;;;;88;;;;;;35;;;;;;;;;;146;;5962;;;;;;
038;Osnabrück-Land;03;199480;199480;167741;167741;1132;844;166609;166897;40394;37108;60954;53514;16759;16444;4914;7189;29983;30206;;;9516;10900;2850;1477;;1509;;481;;630;;;;247;1239;702;;;;;;;;99;;;;;;35;;;;;;;;;;195;;6161;;;;;;
039;Stadt Osnabrück;03;192267;192267;161536;161536;1020;664;160516;160872;45260;39356;47728;42265;21953;25670;4178;6650;18264;18544;;;18862;17804;1841;846;;1325;;426;;693;;;;223;1962;1259;;;;;;;;108;;;;;;51;;;;;;;;;;141;;5511;;;;;468;
040;Nienburg II – Schaumburg;03;191028;191028;157507;157507;1100;823;156407;156684;49658;38093;44786;42907;11724;15550;4383;5936;31459;32249;;;8669;10235;2634;1584;;1985;;318;1656;763;;;;247;1015;723;;;;;;;;131;;;;;;30;;;;;;;;;;205;;5728;;;;;423;
041;Stadt Hannover I;03;175419;175419;143759;143759;1063;803;142696;142956;48668;33839;32818;30595;22397;25754;3994;6177;18719;18414;;;12063;17019;1077;529;;1417;;249;;659;;;728;326;1908;1202;;;;;;;;125;;;;;324;82;;;;;;;;;;147;;6422;;;;;;
042;Stadt Hannover II;03;189782;189782;159052;159052;987;782;158065;158270;57216;34913;28168;29685;30166;33650;3769;6136;16190;16411;;;17908;26100;863;529;;1446;;220;1516;859;;;491;345;1529;1460;;;;;;;;140;;;;;249;82;;;;;;;;;;149;;6145;;;;;;
043;Hannover-Land I;03;227327;227327;192227;192227;1263;984;190964;191243;52312;43417;66483;56900;18119;21753;5101;8729;33139;33247;;;10430;13208;2523;1275;;2330;;417;;723;;;;301;1854;986;;;;;;;;117;;;;;;50;;;;;;;;;1003;340;;7450;;;;;;
044;Celle – Uelzen;03;212344;212344;174910;174910;1288;970;173622;173940;40060;36321;61114;51631;16097;17787;5920;7504;34961;35375;;;10277;12190;3441;1691;;2263;;497;;804;;;;282;1752;964;;;;;;;;101;;;;;;28;;;;;;;;;;221;;6281;;;;;;
045;Gifhorn – Peine;03;216949;216949;183844;183844;1228;949;182616;182895;61985;43689;50970;50192;11760;17417;4714;6809;38892;38988;;;9063;11869;2663;1399;;2313;;554;;804;;;;286;1656;1045;;;;;;;;141;;;;;;43;;;;;;;;;913;360;;6986;;;;;;
046;Hameln-Pyrmont – Holzminden;03;178761;178761;144827;144827;1213;886;143614;143941;47384;35445;41013;38855;10269;13527;4623;5667;29980;30515;;;7728;9575;2617;1052;;1820;;400;;559;;;;219;;614;;;;;;;;85;;;;;;27;;;;;;;;;;173;;5408;;;;;;
047;Hannover-Land II;03;234055;234055;197760;197760;1288;1079;196472;196681;62395;47478;59006;53994;17550;23995;4924;7840;33775;34337;;;10882;14602;2208;1386;3346;2426;;414;;770;;;933;448;1453;1032;;;;;;;;158;;;;;;49;;;;;;;;;;205;;7547;;;;;;
048;Hildesheim;03;211156;211156;176681;176681;1305;920;175376;175761;53925;42610;51421;47275;16511;20303;4369;6535;31963;31741;;;12021;14749;2120;991;;2245;;399;;812;;;;257;1416;898;;;;;;;;100;;;;;;33;;;;;;;;;;233;;6580;;;;;1630;
049;Salzgitter – Wolfenbüttel;03;195218;195218;159604;159604;1324;1007;158280;158597;48410;38650;44807;42085;10910;13824;3934;5619;33787;33836;;;11139;12357;2291;1129;;2024;1406;539;;732;;;;267;1596;816;;;;;;;;105;;;;;;31;;;;;;;;;;179;;6404;;;;;;
050;Braunschweig;03;186356;186356;155379;155379;1116;824;154263;154555;51551;34992;38156;34956;21983;27788;4461;6142;20471;20622;;;12660;17979;1668;799;;1661;;375;;869;;;;287;2447;1729;;;;;;;;145;;;;;251;87;;;;;;;;;;158;;5966;;;;;615;
051;Helmstedt – Wolfsburg;03;176276;176276;141889;141889;1246;837;140643;141052;40099;32716;43511;39109;9630;11878;4539;5335;31351;30969;;;8687;9406;;739;;1908;;436;;684;;;;286;1831;911;;;;;;;;97;;;;;214;57;;;;;;;;;;181;;6340;;;;;781;
052;Goslar – Northeim – Göttingen II;03;191425;191425;155583;155583;1421;971;154162;154612;46873;38452;46699;43211;11922;13463;3999;6116;30491;30927;;;9186;10715;2557;1171;;1945;;358;;723;;;;245;1684;882;;;;;;;;100;;;;;;24;;;;;;;;;751;246;;6034;;;;;;
053;Göttingen I;03;210201;210201;175544;175544;1341;917;174203;174627;44620;38345;50738;44788;26770;27390;6320;6911;24752;25266;;;15937;19429;2217;1126;;1864;;300;;756;;;;262;2557;1199;;;;;;;;127;;;;;292;84;;;;;;;;;;179;;6601;;;;;;
03;Niedersachsen;99;6042951;6042951;5038396;5038396;36386;26331;5002010;5012065;1468848;1152824;1557228;1409499;486936;576371;148204;205037;880831;894057;;;321268;405229;68430;37581;7649;58072;4119;12480;4680;22343;;;2152;8032;40024;30437;;;;;;;;3346;;;;;1330;1243;;;;;;;;;4327;6368;;189146;;;;;5984;
;;;;;;;;;;;;;;;;;;;;;;;;;;;;;;;;;;;;;;;;;;;;;;;;;;;;;;;;;;;;;;;;;;;;;;
054;Bremen I;04;239823;239823;194782;194782;1651;983;193131;193799;48670;42455;46317;41196;36566;35822;5590;7417;22752;22792;;;25807;30834;;598;;;;;2226;1341;;;;;3402;2194;;;;;;148;;;;;;;282;82;;305;;;;;;;800;483;;7973;;159;;;719;
055;Bremen II – Bremerhaven;04;210686;210686;155596;155596;1661;1137;153935;154459;46600;38145;32356;30371;16716;18466;4069;4877;29888;29702;;;18588;20627;1758;1031;;;;;;1241;;;;;2339;1636;;;;;;156;;;;;;;454;125;;389;;;;;;;1167;490;;7104;;99;;;;
04;Bremen;99;450509;450509;350378;350378;3312;2120;347066;348258;95270;80600;78673;71567;53282;54288;9659;12294;52640;52494;;;44395;51461;1758;1629;;;;;2226;2582;;;;;5741;3830;;;;;;304;;;;;;;736;207;;694;;;;;;;1967;973;;15077;;258;;;719;
;;;;;;;;;;;;;;;;;;;;;;;;;;;;;;;;;;;;;;;;;;;;;;;;;;;;;;;;;;;;;;;;;;;;;;
056;Prignitz – Ostprignitz-Ruppin – Havelland I;12;169648;169648;133067;133067;1431;1046;131636;132021;29264;20999;25861;22920;4025;5782;2847;3355;51212;48277;;;13866;12905;4561;1914;;;;;;913;;;;;;518;;;;;;;;;;;;;;74;;;;;;;;;;291;;14073;;;;;;
057;Uckermark – Barnim I;12;180127;180127;142112;142112;1533;1024;140579;141088;27211;19508;25661;22700;5460;6833;3323;3745;53908;50763;;;17200;15480;5175;2209;;;;;2641;1302;;;;;;695;;;;;;;;;;;;;;83;;;;;;;;;;274;;17496;;;;;;
058;Oberhavel – Havelland II;12;251732;251732;211112;211112;1820;1290;209292;209822;41822;32266;51984;45580;13889;17620;6039;7579;64556;61545;;;19831;19602;6804;2967;;;;;4367;2316;;;;;;1444;;;;;;;;;;;;;;138;;;;;;;;;;406;;18359;;;;;;
059;Märkisch-Oderland – Barnim II;12;231597;231597;193032;193032;1917;1210;191115;191822;35785;25134;34597;32399;7625;11132;4693;5552;69016;64893;;;25444;21638;6648;3329;;;;;3048;1842;;;;;2065;1466;;;;;;;;;;;;;;135;;;;;;;;;2194;717;;23585;;;;;;
060;Brandenburg an der Havel – Potsdam-Mittelmark I – Havelland III – Teltow-Fläming I;12;201899;201899;161158;161158;1821;1259;159337;159899;41053;27515;30943;29337;5957;9603;3718;4627;53605;50225;;;17348;17229;4795;2320;;;;;;1224;;;;;1918;1122;;;;;;;;;;;;;;102;;;;;;;;;;351;;16244;;;;;;
061;Potsdam – Potsdam-Mittelmark II – Teltow-Fläming II;12;234264;234264;200725;200725;1616;1091;199109;199634;43336;34040;40930;38263;31619;29115;7959;8599;37823;36947;;;27524;29408;3905;1852;;;;;;1605;;;;;3405;2403;;;;;;;;;;;;;;123;;;;;;;;;1372;621;;16658;;;;;1236;
062;Dahme-Spreewald – Teltow-Fläming III;12;241717;241717;200776;200776;2006;1431;198770;199345;35053;29306;47404;39080;10248;12433;4967;6970;66811;63990;;;22423;20401;5510;2852;;;;;3126;1902;;;;;2150;1414;;;;;;;;;;;;;;135;;;;;;;;;;467;;20395;;;;;1078;
063;Frankfurt (Oder) – Oder-Spree;12;187968;187968;149770;149770;1575;1092;148195;148678;30829;20169;27856;24737;4463;7066;3528;4677;56620;52666;;;16785;15771;5726;2155;;;;;;1321;;;;;;827;;;;;;;;;;;;;;151;;;;;;;;;;403;;18735;;;;;2388;
064;Cottbus – Spree-Neiße;12;165942;165942;132378;132378;1470;976;130908;131402;30548;18348;22712;20932;;5275;3559;4249;54981;51313;;;12819;12144;2882;1614;;;;;2257;1235;;;;;1150;742;;;;;;;;;;;;;;92;;;;;;;;;;408;;15050;;;;;;
065;Elbe-Elster – Oberspreewald-Lausitz;12;169189;169189;134486;134486;1413;1003;133073;133483;22087;16688;24330;22039;2703;3732;3821;4112;57194;54660;;;15939;11645;6999;2754;;;;;;1045;;;;;;738;;;;;;;;;;;;;;85;;;;;;;;;;393;;15592;;;;;;
12;Brandenburg;99;2034083;2034083;1658616;1658616;16602;11422;1642014;1647194;336988;243973;332278;297987;85989;108591;44454;53465;565726;535279;;;189179;176223;53005;23966;;;;;15439;14705;;;;;10688;11369;;;;;;;;;;;;;;1118;;;;;;;;;3566;4331;;176187;;;;;4702;
;;;;;;;;;;;;;;;;;;;;;;;;;;;;;;;;;;;;;;;;;;;;;;;;;;;;;;;;;;;;;;;;;;;;;;
066;Altmark – Jerichower Land;15;227996;227996;178498;178498;2297;1334;176201;177164;28275;20659;38817;34163;4852;5917;6046;5369;69054;66177;;;22147;18648;7010;2844;;;;;;1293;;;;;;909;;;;;;;;;;;;;;142;;;;;;;;;;459;;20584;;;;;;
067;Börde – Salzlandkreis;15;217023;217023;170484;170484;2283;1519;168201;168965;22894;17576;37608;32353;3746;4463;4606;4941;72650;70158;;;17753;15344;4739;2200;;;;;;1146;;;;;;809;;;;;;;;;;;;;;118;;;;;;;;;2364;795;;19062;;;;;1841;
068;Harz;15;200217;200217;154072;154072;2049;1249;152023;152823;21243;17601;35708;29903;4958;5858;3405;4178;59306;56490;;;18076;15487;4377;2180;;;;;2332;1528;;;;;;721;;;;;;;;;;;;;;153;;;;;;;;;2618;834;;17890;;;;;;
069;Magdeburg;15;222983;222983;174468;174468;2419;1239;172049;173229;29618;21865;39726;32205;10305;12271;4647;5231;55457;52629;;;25560;23224;3984;1794;;;;;;1769;;;;;;1901;;;;;;;;;;;;;843;240;;;;;;;;;1909;639;;19461;;;;;;
070;Anhalt – Dessau – Wittenberg;15;227852;227852;176334;176334;2020;1314;174314;175020;18253;18381;51473;37579;8426;6829;3715;5112;67245;65554;;;17744;16654;7458;3270;;;;;;1296;;;;;;861;;;;;;;;;;;;;;128;;;;;;;;;;406;;18950;;;;;;
071;Halle;15;224552;224552;173587;173587;2108;1321;171479;172266;30796;20794;38174;31132;9364;15179;5045;6059;52541;49342;;;27802;26437;2866;1616;;;;;2806;1753;;;;;;1660;;;;;;;;;;;;;496;192;;;;;;;;;1589;557;;17545;;;;;;
072;Burgenland – Saalekreis;15;203597;203597;157348;157348;1771;1142;155577;156206;15652;14168;37716;29389;3751;4583;4615;5127;69071;66134;;;17032;13524;6312;2381;;;;;;1261;;;;;;1010;;;;;;;;;;;;;;109;;;;;;;;;;430;;18090;;;;;1428;
073;Mansfeld;15;210496;210496;163262;163262;2594;1609;160668;161653;17211;15494;34087;29811;3196;3974;5527;5230;70307;69616;;;19697;14485;5615;2168;;;;;;988;;;;;;616;;;;;;;;;;;;;;105;;;;;;;;;;420;;18746;;;;;5028;
15;Sachsen-Anhalt;99;1734716;1734716;1348053;1348053;17541;10727;1330512;1337326;183942;146538;313309;256535;48598;59074;37606;41247;515631;496100;;;165811;143803;42361;18453;;;;;5138;11034;;;;;;8487;;;;;;;;;;;;;1339;1187;;;;;;;;;8480;4540;;150328;;;;;8297;
;;;;;;;;;;;;;;;;;;;;;;;;;;;;;;;;;;;;;;;;;;;;;;;;;;;;;;;;;;;;;;;;;;;;;;
074;Berlin-Mitte;11;207445;207445;161873;161873;1053;889;160820;160984;26816;24189;22933;21677;40671;34920;4586;6422;13706;14291;;;38520;43614;471;303;1808;1558;;;1485;973;749;526;;;;1781;;;;;;;;;;;;;131;85;;;;217;73;56;;50;201;168;8012;9765;658;389;;;;
075;Berlin-Pankow;11;235392;235392;199071;199071;2264;931;196807;198140;26103;26046;31921;28627;50855;38821;5407;6555;33174;31087;;;45010;43182;2357;761;;2778;;;;1573;;224;;;;2235;;;;;;;;;;;;;;83;;;;371;;54;812;125;1168;294;;15123;;201;;;;
076;Berlin-Reinickendorf;11;172428;172428;134144;134144;1813;1089;132331;133055;28953;22996;40864;35167;17132;17074;4737;5986;23865;23118;;;15581;15729;;455;;2535;;;;742;;421;;;;1012;;;;;;;;;;;;;;40;;;;247;;29;;40;1199;293;;7059;;112;;;;
077;Berlin-Spandau – Charlottenburg Nord;11;176535;176535;133252;133252;1813;1160;131439;132092;36159;24292;34294;31434;12216;14626;4292;5205;25929;25302;;;15042;17050;;410;;2740;;;3105;1064;;431;;;;901;;;;;;;;;;;;;402;96;;;;240;;33;;49;;160;;7908;;151;;;;
078;Berlin-Steglitz-Zehlendorf;11;214757;214757;181872;181872;1697;834;180175;181038;40357;32978;55387;48497;39846;35849;7382;10754;18533;18676;;;15822;20715;1905;653;;2205;;;;816;;336;;;;1718;;;;;;;;;;;;;;26;;;;301;;26;;37;943;253;;7073;;125;;;;
079;Berlin-Charlottenburg-Wilmersdorf;11;195504;195504;162302;162302;1334;759;160968;161543;38183;28927;42271;37333;38672;35121;7062;10335;13869;14328;;;17861;23464;;257;;1462;;;2462;771;;280;;;;1697;;;;;;;;;;;;;;25;;;;174;;14;;37;588;185;;6982;;151;;;;
080;Berlin-Tempelhof-Schöneberg;11;229228;229228;186814;186814;1795;1136;185019;185678;37948;32866;45571;38863;45632;36894;5025;7181;20623;20985;;;22362;32091;;458;4466;2612;;;;1010;1809;607;;;;1613;;;;;;;;;;;;;;61;;;;289;;42;236;94;529;248;;9519;;245;;;818;
081;Berlin-Neukölln;11;192506;192506;146235;146235;1396;1063;144839;145172;27265;22853;28488;26185;16137;22260;2792;4033;18893;18874;;;43412;36687;832;426;2654;2207;;;1335;861;2135;704;;;;975;;;;;;;;;;;;;262;110;;;;177;;32;;36;506;317;;8110;;325;;;128;
082;Berlin-Friedrichshain-Kreuzberg – Prenzlauer Berg Ost;11;218729;218729;180876;180876;1836;736;179040;180140;23516;24137;17940;16721;54769;46622;4272;5010;13846;12996;;;62050;57056;;286;;1772;;;;1489;;325;;;;2050;;;;;;;;;;;;;;98;;;;241;;26;;33;934;245;;10643;;390;;;1713;
083;Berlin-Treptow-Köpenick;11;206841;206841;169813;169813;1133;1030;168680;168783;14472;21403;23747;25858;8081;20226;2961;4949;34646;36410;;;70572;36609;892;761;3235;3017;;;;1294;;260;;;;1546;;;;;;;;;;;;;113;86;;;;367;;27;100;72;420;299;9441;15471;;128;;;;
084;Berlin-Marzahn-Hellersdorf;11;195867;195867;149485;149485;1287;1041;148198;148444;12927;16171;43262;24498;6089;8911;1869;3802;43743;46294;;;24883;24746;1835;1044;;3364;;;;1036;;196;;;;1136;;;;;;;;;;;;;326;115;;;;395;;47;;63;511;304;12753;16235;;87;;;;
085;Berlin-Lichtenberg;11;196799;196799;155424;155424;1273;1094;154151;154330;13928;18332;27185;21231;8109;16698;2231;3878;33703;34638;;;52374;36199;851;596;3579;3099;;;;1242;;221;;;;1546;;;;;;;;;;;;;;100;;;;388;;39;155;83;599;288;11437;15613;;139;;;;
11;Berlin;99;2442031;2442031;1961161;1961161;18694;11762;1942467;1949399;326627;295190;413863;356091;338209;328022;52616;74110;294530;296999;;;423489;387142;9143;6410;15742;29349;;;8387;12871;4693;4531;;;;18210;;;;;;;;;;;;;1234;925;;;;3407;73;425;1303;719;7598;3054;41643;129501;658;2443;;;2659;
;;;;;;;;;;;;;;;;;;;;;;;;;;;;;;;;;;;;;;;;;;;;;;;;;;;;;;;;;;;;;;;;;;;;;;
086;Aachen I;05;172442;172442;143849;143849;2902;865;140947;142984;27720;25205;45545;34180;39377;34769;5916;6870;;13891;;;13162;18398;3338;403;;970;;187;;743;;195;;;3211;1522;;;;;;;;;;;;;;36;;;;241;;;;;2678;231;;5011;;93;;39;;
087;Aachen II;05;224835;224835;182360;182360;6369;1396;175991;180964;53748;37902;70536;57089;13269;17002;8190;7599;;34578;;;13329;12303;12918;1284;;2531;;378;;882;;349;;;4001;1026;;;;;;;;;;;;;;27;;;;275;;;;;;192;;7358;;80;;109;;
088;Heinsberg;05;192359;192359;157147;157147;1588;1114;155559;156033;29810;26662;64623;54975;11799;13621;4680;6516;30788;31410;;;8958;9855;2800;1208;;2443;;449;;854;;250;;;2101;1076;;;;;;;;;;;;;;22;;;;285;;;;;;178;;6076;;48;;105;;
089;Düren;05;199302;199302;164549;164549;1449;1130;163100;163419;35854;30306;64996;54483;12153;13843;4591;7006;33137;33517;;;9105;10498;3264;1178;;2549;;395;;835;;249;;;;916;;;;;;;;;;;;;;31;;;;323;;;;;;208;;6931;;44;;107;;
090;Rhein-Erft-Kreis I;05;247391;247391;207174;207174;1832;1209;205342;205965;53609;40600;71773;65147;20959;23825;7549;10293;34346;34400;;;13221;14819;2567;1089;;2798;;443;;930;;460;;;;1391;;;;;;;;;;;;;;30;;;;371;;;;;1318;425;;8732;;82;;130;;
091;Euskirchen – Rhein-Erft-Kreis II;05;248663;248663;207633;207633;2114;1265;205519;206368;42467;36497;78883;69739;19549;22512;8498;9905;37837;37881;;;11457;12960;2886;1437;;2814;;595;;1028;;334;;;2858;1416;;;;;;;;;;;;;;34;;;;373;;;;;1084;476;;8171;;61;;135;;
092;Köln I;05;190951;190951;153110;153110;1515;877;151595;152233;37717;29775;37261;33934;30496;27273;4672;6409;20022;18853;;;16894;22716;1488;580;;1598;;297;;851;;344;;;2698;1671;;;;;;;;;;;;;347;96;;;;310;;;;;;181;;7170;;125;;50;;
093;Köln II;05;243912;243912;214600;214600;1213;679;213387;213921;35124;37916;59925;53426;72858;55085;8061;12933;12775;13444;;;18454;28762;881;432;;1448;;237;;986;;215;;;4534;2330;;;;;;;;;;;;;;31;;;;334;;;;;567;181;;6017;;90;;54;208;
094;Köln III;05;206670;206670;169135;169135;1314;782;167821;168353;43307;33496;32638;32522;43697;36769;4773;5715;19459;18860;;;18806;27502;1322;503;;1745;;311;;958;;415;;;3074;1632;;;;;;;;;;;;;;62;;;745;335;;;;;;153;;7190;;137;;48;;
095;Bonn;05;228611;228611;193693;193693;1651;980;192042;192713;41567;34068;63973;50413;46819;44136;4737;9995;15681;17186;;;14776;23994;934;419;;1252;;338;;877;;270;;;3018;2147;;;;;;;;;;;;;;59;;;537;287;;;;;;128;;6911;;141;;92;;
096;Rhein-Sieg-Kreis I;05;238117;238117;199363;199363;1772;1089;197591;198274;44274;35512;70350;63340;22218;24764;8438;9897;34562;34457;;;11330;13448;3318;1251;;2598;;510;;1089;;347;;;3101;1712;;;;;;;;;;;;;;43;;;;367;;;;;;270;;8457;;66;;146;;
097;Rhein-Sieg-Kreis II;05;214269;214269;183170;183170;1436;891;181734;182279;32287;30333;79638;63717;23157;26800;5879;10261;25830;26034;;;9770;11888;2139;898;;1853;;436;;821;;269;;;3034;1650;;;;;;;;;;;;;;24;;;;278;;;;;;205;;6637;;46;;129;;
098;Oberbergischer Kreis;05;204344;204344;169836;169836;1577;1229;168259;168607;34869;29969;62101;53401;14812;16032;5476;7771;36265;35721;;;10064;10598;2914;1189;;2369;;589;;1010;;253;;;1758;1032;;;;;;;;;;;;;;46;;;;340;;;;;;302;;7737;;68;;180;;
099;Rheinisch-Bergischer Kreis;05;214554;214554;184451;184451;1295;1001;183156;183450;34423;33924;77303;61967;25245;27582;9053;10199;22757;24340;;;9308;11972;1692;1002;;2152;;424;;859;;226;;;2531;1680;;;;;;;;;;;;;;74;;;;303;;;;;844;323;;6243;;66;;114;;
100;Leverkusen – Köln IV;05;206279;206279;165364;165364;1593;1030;163771;164334;53574;34871;41855;40450;18081;23355;5102;6418;25439;25392;;;14848;19137;1984;695;;2106;;364;;1100;;409;;;2558;1475;;;;;;;;;;;;;330;117;;;;287;;;;;;169;;7786;;100;;103;;
101;Wuppertal I;05;196546;196546;152965;152965;1527;1004;151438;151961;50775;30725;36823;35769;13019;19111;4561;6282;27691;27221;;;13824;18583;1800;672;;1925;;354;;890;;326;;;1902;1171;;;;;;;;;;;;;;93;;;;259;;;;;;149;;8242;;98;;91;1043;
102;Solingen – Remscheid – Wuppertal II;05;216618;216618;173656;173656;1511;1091;172145;172565;47237;34679;55860;49129;14997;19322;5555;8171;31911;31539;;;12886;14540;;669;;2327;;404;;1138;;418;;;2646;1325;;;;;;;;;;;;;429;109;;;;305;;;;;;258;;8072;;81;;79;624;
103;Mettmann I;05;200861;200861;167725;167725;1481;996;166244;166729;37459;31486;60821;53525;20715;21296;7480;9418;26198;25930;;;10712;11506;;680;;2253;;338;;825;;340;;;2859;1399;;;;;;;;;;;;;;37;;;;350;;;;;;203;;6968;;57;;118;;
104;Mettmann II;05;156872;156872;129858;129858;1231;761;128627;129097;32170;25094;46153;41355;14237;14517;5007;6816;22096;21731;;;8542;9158;;500;;1767;;225;;728;;241;;;;837;;;;;;;;;;;;;422;76;;;;250;;;;;;129;;5538;;55;;80;;
105;Düsseldorf I;05;224440;224440;187087;187087;1412;764;185675;186323;39355;32067;67117;56471;32269;34049;9883;14550;18226;18535;;;13318;17731;1026;475;;1562;;270;;815;;275;;;3353;1843;;;;;;;;;;;;;292;92;;;;329;;;;;836;295;;6750;;108;;106;;
106;Düsseldorf II;05;188871;188871;151917;151917;1309;778;150608;151139;34737;28534;43286;38007;27347;25780;6249;8236;19575;19608;;;14022;17790;934;480;;1669;;234;;771;;314;;;2641;1570;;;;;;;;;;;;;370;80;;;;232;;;;;729;231;;7243;;126;718;234;;
107;Neuss I;05;210819;210819;173213;173213;1653;1032;171560;172181;46410;32057;62250;56599;14559;18439;7267;9019;29039;29147;;;12035;12781;;706;;2418;;499;;919;;418;;;;1023;;;;;;;;;;;;;;50;;;;329;;;;;;176;;7389;;87;;125;;
108;Mönchengladbach;05;181209;181209;140093;140093;1647;974;138446;139119;36398;26039;50180;42525;13648;13843;4553;6325;25290;25127;;;;13206;1478;657;;2016;;313;3454;860;;228;;;2169;851;;;;;;;;;;;;;;32;;;;207;;;;;917;269;;6368;;108;359;145;;
109;Krefeld I – Neuss II;05;196586;196586;164175;164175;1494;931;162681;163244;36512;29573;61543;55632;17840;20007;8910;10106;23769;23886;;;10838;11476;3269;1033;;2103;;372;;827;;330;;;;913;;;;;;;;;;;;;;48;;;;301;;;;;;197;;6277;;66;;97;;
110;Viersen;05;223737;223737;185888;185888;1736;1166;184152;184722;38071;33644;73676;64228;19438;21085;7317;10039;29425;29312;;;11337;11875;2510;1170;;2675;;439;;1137;;287;;;2378;1147;;;;;;;;;;;;;;26;;;;349;;;;;;285;;6843;;55;;126;;
111;Kleve;05;223650;223650;182410;182410;1387;1094;181023;181316;39197;34004;74624;66213;16447;18986;6098;8100;28974;29097;;;10755;11625;2429;1338;;2422;;443;;891;;252;;;2499;1145;;;;;;;;;;;;;;32;;;;328;;;;;;247;;6060;;43;;90;;
112;Wesel I;05;204087;204087;170462;170462;1425;970;169037;169492;47432;39286;58855;53363;13787;16092;6123;7204;29375;29405;;;10274;11150;2155;935;;2533;;316;;1091;;261;;;;738;;;;;;;;;;;;;;63;;;;278;;;;;1036;388;;6263;;38;;88;;
113;Krefeld II – Wesel II;05;173314;173314;140198;140198;1267;841;138931;139357;42077;31190;44337;40218;12057;15317;4955;6702;23341;23133;;;8553;11212;1829;729;;1927;;277;;867;;259;;;1782;805;;;;;;;;;;;;;;65;;;;221;;;;;;155;;6128;;71;;81;;
114;Duisburg I;05;159961;159961;127170;127170;1297;862;125873;126308;49116;32468;27748;28994;9830;13470;3081;4228;22224;21867;;;10805;13149;1378;582;;2083;;267;;882;;455;;;1389;755;;;;;;;;;;;;;302;118;;;;260;;;;;;153;;6412;;102;;63;;
115;Duisburg II;05;152391;152391;111932;111932;1413;1093;110519;110839;36554;27970;21964;21710;7708;7478;2402;2954;29325;27232;;;10072;12257;1575;543;;1905;;199;;659;;502;;;;401;;;;;;;;;;;;;359;121;;;;166;;;;;;155;;6369;;96;;122;560;
116;Oberhausen – Wesel III;05;193877;193877;155814;155814;1508;1000;154306;154814;48435;38973;41526;38608;12639;13760;4456;5247;32461;31566;;;12057;12769;;561;;2562;;273;;1082;2091;564;;;;734;;;;;;;;;;;;;641;99;;;;304;;;;;;230;;7330;;73;;79;;
117;Mülheim – Essen I;05;177448;177448;145635;145635;1279;779;144356;144856;46990;34203;41764;40688;13280;15927;4958;6189;25140;24695;;;9854;11360;2370;730;;2090;;249;;882;;289;;;;770;;;;;;;;;;;;;;81;;;;219;;;;;;148;;6199;;57;;80;;
118;Essen II;05;152295;152295;114166;114166;1243;846;112923;113320;34227;26237;27842;25277;9316;10174;2683;3360;26058;24911;;;10655;12072;1681;529;;1871;;161;;817;;329;;;;707;;;;;;;;;;;;;461;158;;;;181;;;;;;232;;6195;;66;;43;;
119;Essen III;05;186492;186492;157665;157665;1399;672;156266;156993;38546;33184;55806;46387;24617;25317;4835;7710;18664;19130;;;11667;14178;1751;513;;1840;;218;;990;;209;;;;1287;;;;;;;;;;;;;380;105;;;;265;;;;;;125;;5416;;60;;59;;
120;Recklinghausen I;05;161611;161611;129041;129041;999;731;128042;128310;42357;29886;36873;35131;8687;12447;3278;4581;25911;25874;;;7544;9622;1096;559;;1945;;260;2074;875;;275;;;;617;;;;;;;;;;;;;222;80;;;;208;;;;;;169;;5656;;55;;70;;
121;Recklinghausen II;05;182424;182424;147467;147467;1313;885;146154;146582;42454;34276;46217;42174;10573;12831;3418;5171;30367;30725;;;8501;9722;1891;790;;2277;;261;;741;;315;;;;645;;;;;;;;;;;;;357;101;;;;244;;;;;644;286;;5870;;74;;79;1732;
122;Gelsenkirchen;05;164673;164673;122676;122676;1223;900;121453;121776;38118;29342;28051;27665;7379;7944;4038;3682;31302;30032;;;10246;11485;1720;626;;2359;;191;;685;;442;;;;444;;;;;;;;;;;;;599;239;;;;167;;;;;;142;;6174;;100;;57;;
123;Steinfurt I – Borken I;05;201685;201685;168635;168635;1067;886;167568;167749;38036;31173;70063;65098;15800;17571;5775;7070;25233;24879;;;10028;10636;2633;1122;;1809;;324;;836;;206;;;;949;;;;;;;;;;;;;;26;;;;326;;;;;;167;;5420;;74;;63;;
124;Bottrop – Recklinghausen III;05;195336;195336;157954;157954;1335;984;156619;156970;46277;36279;49624;45951;10249;13164;4185;5422;32869;32770;;;8927;10512;1810;864;;2471;;236;2426;955;;311;;;;661;;;;;;;;;;;;;252;97;;;;248;;;;;;215;;6688;;49;;77;;
125;Borken II;05;200973;200973;172539;172539;1213;858;171326;171681;33511;29835;82003;72746;16486;18302;5042;7571;22179;22829;;;8743;9358;3362;1355;;1686;;312;;779;;195;;;;971;;;;;;;;;;;;;;36;;;;346;;;;;;171;;5065;;44;;80;;
126;Coesfeld – Steinfurt II;05;194072;194072;169789;169789;1264;868;168525;168921;34151;30231;76817;67890;21570;22841;5410;7231;20523;21275;;;7708;9221;;766;;1664;;271;;776;;177;;;2346;1164;;;;;;;;;;;;;;18;;;;346;;;;;;164;;4776;;27;;83;;
127;Steinfurt III;05;194165;194165;165587;165587;1124;908;164463;164679;41395;36478;62252;54548;19383;19903;4874;6572;25482;24959;;;9868;10611;;798;;1783;;328;;860;;281;;;;997;;;;;;;;;;;;;;22;;;;267;;;;;;174;;5967;;45;;86;1209;
128;Münster;05;237654;237654;208022;208022;1207;799;206815;207223;42553;37437;58996;53313;64529;55149;6779;9629;13426;14210;;;14083;25927;;408;;1361;;207;2642;1051;;160;;;3807;2237;;;;;;;;;;;;;;26;;;;303;;;;;;128;;5525;;93;;59;;
129;Warendorf;05;207690;207690;175965;175965;1440;1037;174525;174928;36284;32533;72681;64092;18940;19715;5119;7133;27935;27955;;;9798;10946;3768;1354;;1796;;358;;825;;251;;;;990;;;;;;;;;;;;;;28;;;;307;;;;;;208;;6288;;61;;88;;
130;Gütersloh I;05;232757;232757;192682;192682;1780;1311;190902;191371;40230;34663;79377;63908;17265;22189;5941;8477;32668;35110;;;10489;12240;2493;1125;;1908;;423;;956;;325;;;1966;1229;;;;;;;;;;;;;;30;;;;318;;;;;;230;;8059;;54;;127;473;
131;Bielefeld – Gütersloh II;05;240475;240475;197039;197039;1643;1148;195396;195891;53131;39841;50740;45716;31273;32373;5930;8168;27994;28142;;;19803;25810;;516;;1915;;408;3095;1364;1548;598;;;1882;1300;;;;;;;;;;;;;;60;;;;327;;;;;;210;;8921;;98;;124;;
132;Herford – Minden-Lübbecke II;05;223060;223060;181749;181749;1661;1223;180088;180526;52574;38800;54251;50128;12898;17508;5867;7448;38341;38431;;;10738;12854;2222;1122;;2100;;447;2762;1132;;276;;;;769;;;;;;;;;;;;;;38;;;;299;;;;;;247;;8701;;40;435;186;;
133;Minden-Lübbecke I;05;199147;199147;163424;163424;1744;1214;161680;162210;39931;35923;51970;44594;15009;15379;5431;6785;35399;35282;;;9057;10761;2975;1312;;1772;;457;;976;;229;;;1246;636;;;;;;;;;;;;;;25;;;;301;;;;;;244;;7239;;37;662;258;;
134;Lippe I;05;221602;221602;182679;182679;1922;1324;180757;181355;42552;37926;56640;49204;21911;19245;5474;7713;39426;39517;;;10896;12324;3858;1440;;2255;;575;;1058;;312;;;;825;;;;;;;;;;;;;;34;;;;323;;;;;;244;;8070;;51;;239;;
135;Höxter – Gütersloh III – Lippe II;05;169491;169491;141965;141965;1581;1195;140384;140770;26204;23930;60580;51273;10481;11736;4389;6076;28853;29064;;;7395;7904;2482;1073;;1666;;399;;695;;218;;;;520;;;;;;;;;;;;;;16;;;;242;;;;;;243;;5526;;29;;160;;
136;Paderborn;05;231585;231585;192379;192379;1503;1107;190876;191272;29105;26305;86833;71383;20144;21998;4528;8049;34924;36232;;;11950;13551;;667;;1867;;510;3392;1170;;285;;;;979;;;;;;;;;;;;;;27;;;;280;;;;;;226;;7567;;41;;135;;
137;Hagen – Ennepe-Ruhr-Kreis I;05;195955;195955;153869;153869;1523;1000;152346;152869;39055;32724;44053;43380;12544;13448;5190;5897;32562;31913;;;9025;11933;1780;779;;2363;;302;;804;1425;631;;;;672;;;;;;;;;;;;;231;89;;;;233;;;;;;225;6481;7316;;55;;105;;
138;Ennepe-Ruhr-Kreis II;05;170960;170960;142860;142860;1182;819;141678;142041;42576;33730;43774;38804;14587;17813;4263;5787;23490;23813;;;8617;10659;1405;673;;2080;;312;2127;949;;236;;;;779;;;;;;;;;;;;;256;120;;;;250;;;;;583;242;;5687;;41;;66;;
139;Bochum I;05;200128;200128;163515;163515;1377;872;162138;162643;53007;39363;39934;38267;22181;24224;4681;5942;22797;22483;;;15274;19652;;477;;2158;;251;2795;1078;;339;;;;1172;;;;;;;;;;;;;419;132;;;;269;;;;;1050;353;;6344;;72;;67;;
140;Herne – Bochum II;05;170434;170434;132194;132194;1513;1031;130681;131163;43832;33909;31032;29840;11111;11719;2948;3893;28088;27453;;;10878;12576;;484;;2327;;229;;792;;292;;;1267;708;;;;;;;;;;;;;366;148;;;;245;;;;;1159;333;;6076;;61;;78;;
141;Dortmund I;05;203655;203655;165438;165438;1351;943;164087;164495;50260;37861;38929;36346;22994;25180;4857;5913;26058;25853;;;15047;19459;;476;;2425;;292;3053;1376;;346;;;1889;1135;;;;;;;;;;;;;401;122;;;;258;;;;;;199;;7075;;92;;87;599;
142;Dortmund II;05;195508;195508;154308;154308;1537;1018;152771;153290;49485;37510;37960;36026;15742;17291;4047;5405;28240;27597;;;13794;15577;;491;;2642;;330;3503;1247;;368;;;;852;;;;;;;;;;;;;;80;;;;226;;;;;;176;;7330;;78;;64;;
143;Unna I;05;190511;190511;157471;157471;1412;976;156059;156495;49685;38636;46506;42844;14058;16275;3973;5436;29075;29411;;;9491;11269;;716;;2489;;289;;923;;245;;;1948;948;;;;;;;;;;;;;;54;;;;229;;;;;1323;359;;6254;;45;;73;;
144;Hamm – Unna II;05;227725;227725;181960;181960;1718;1176;180242;180784;58098;41847;54188;51262;11585;14776;4810;6099;38695;38096;;;12866;13545;;741;;2768;;325;;945;;512;;;;866;;;;;;;;;;;;;;45;;;;298;;;;;;278;;8203;;97;;81;;
145;Soest;05;229384;229384;190495;190495;1479;1030;189016;189465;42543;34834;70482;66360;18136;19040;7447;7681;36667;35823;;;11204;11577;2537;997;;2273;;523;;1013;;270;;;;908;;;;;;;;;;;;;;35;;;;352;;;;;;244;;7393;;46;;96;;
146;Hochsauerlandkreis;05;196716;196716;165047;165047;1047;865;164000;164182;35079;26873;78260;71615;10025;12026;4182;6299;26025;27390;;;7646;8774;2783;1142;;1958;;336;;908;;225;;;;785;;;;;;;;;;;;;;27;;;;213;;;;;;202;;5295;;28;;86;;
147;Siegen-Wittgenstein;05;202346;202346;168209;168209;1419;998;166790;167211;40825;33313;56827;52767;12486;14338;5300;6628;34137;33905;;;10725;12099;2340;1297;;1915;;418;2190;1004;;244;;;1290;925;;;;;;;;;;;;;;26;;;;224;;;;;;245;;7472;;45;670;346;;
148;Olpe – Märkischer Kreis I;05;198265;198265;163342;163342;1410;1035;161932;162307;33640;26688;68241;63117;10191;11717;5650;6416;32358;33289;;;8231;8900;2102;998;;1897;;411;;708;;253;;;;591;;;;;;;;;;;;;;33;;;;250;;;;;;243;;6617;;46;;133;1519;
149;Märkischer Kreis II;05;191152;191152;153121;153121;1324;975;151797;152146;34522;27788;58968;51785;9878;11435;4577;6027;31657;32474;;;9917;10286;;649;;2350;;418;;701;;328;;;;546;;;;;;;;;;;;;;37;;;;229;;;;;1317;382;;6553;;55;;103;961;
05;Nordrhein-Westfalen;99;12883912;12883912;10588884;10588884;99150;63307;10489734;10525577;2633518;2108383;3566697;3170708;1230334;1300915;349391;462644;1720361;1769822;;;714177;877058;113887;52887;;133453;;22207;33513;59076;5064;20027;;;79736;68917;;;;;;;;;;;;;7436;4068;;;1282;17970;;;;;16085;14596;6481;431616;;4427;2844;6803;8928;
;;;;;;;;;;;;;;;;;;;;;;;;;;;;;;;;;;;;;;;;;;;;;;;;;;;;;;;;;;;;;;;;;;;;;;
150;Nordsachsen;14;158368;158368;126905;126905;1183;849;125722;126056;12555;10562;31395;26170;3090;4308;2684;4012;55022;53909;;;10501;10081;7092;2754;;1486;;;1523;666;;;;173;907;483;;;;;;;;104;;;;;;52;;;;;;;;;953;350;;10946;;;;;;
151;Leipzig I;14;225020;225020;183932;183932;979;939;182953;182993;21470;18454;39285;31902;13796;19746;3828;5826;45728;46287;;;39376;38513;2185;1675;;2429;;;2279;1416;;;;340;1808;1550;;;;;;;;200;;;;;290;141;;;;;;;;;382;309;11726;14205;;;;;800;
152;Leipzig II;14;232750;232750;195980;195980;823;750;195157;195230;16610;21930;31272;30752;19954;31717;3987;6129;36547;36424;;;71809;46692;2005;1482;;1989;;;2059;1465;;;;296;;1847;;;;;;;407;255;;;;;;96;;;;;;;;;394;337;10113;13819;;;;;;
153;Leipzig-Land;14;210913;210913;172195;172195;1237;1078;170958;171117;18681;15100;42038;38097;6048;7869;4392;5850;65284;65839;;;14925;14985;8205;4369;;1970;;;;714;;;;219;;825;;;;;;;487;205;;;;;;72;;;;;;;;;;307;10898;14696;;;;;;
154;Meißen;14;192750;192750;157183;157183;1473;945;155710;156238;11412;11025;37049;31182;6530;7129;8223;5919;70576;68155;;;14696;12236;5607;2327;;1826;;;;674;;;;248;;825;;;;;;;;111;;;;;;53;;;;;;;;;1617;663;;13865;;;;;;
155;Bautzen I;14;200548;200548;161811;161811;1596;1181;160215;160630;11385;10375;38642;32190;3483;4691;4199;5002;77339;73914;;;15655;12469;8049;3056;;1922;;;;799;;;;237;;472;;;;;;;;113;;;;;;53;;;;;;;;;1463;642;;14695;;;;;;
156;Görlitz;14;196271;196271;155052;155052;1280;1118;153772;153934;9626;9814;37197;30406;4659;5159;2951;4484;75145;71854;;;9795;11900;3587;2354;;1960;;;;678;;;;249;;440;;;;;;;;139;;;;;;62;;;;;;;;;980;613;9832;13822;;;;;;
157;Sächsische Schweiz-Osterzgebirge;14;195873;195873;160400;160400;1664;983;158736;159417;12765;9505;35961;30820;4751;6318;4477;5170;77899;74174;;;14522;11716;7007;2853;;1774;;;;617;;;;229;;822;;;;;;;;128;;;;;;49;;;;;;;;;1354;621;;14621;;;;;;
158;Dresden I;14;225103;225103;184922;184922;1857;852;183065;184070;21456;18241;50040;36585;19898;22544;6230;7082;53853;50387;;;26086;25444;;1507;;1960;;;;1130;;;;451;3482;2269;;;;;;;;234;;;;;;87;;;;;;;;;2020;679;;15470;;;;;;
159;Dresden II – Bautzen II;14;233493;233493;196333;196333;1554;877;194779;195456;18245;16601;47108;35306;22140;25517;5130;6947;58240;55902;;;31962;31002;3252;1883;;2045;;;3145;1412;;;;514;3723;2142;;;;;;;;222;;;;;337;102;;;;;;;;;1497;614;;15247;;;;;;
160;Mittelsachsen;14;187924;187924;148354;148354;1329;868;147025;147486;13320;11145;39663;30403;3680;5172;4284;4676;66689;64097;;;13233;11800;6156;2966;;1525;;;;561;;;;182;;575;;;;;;;;146;;;;;;43;;;;;;;;;;275;;13920;;;;;;
161;Chemnitz;14;183295;183295;144921;144921;777;695;144144;144226;24106;16006;30849;28020;6562;9571;3316;4522;46418;47095;;;14354;17643;2066;1402;;1816;;;1510;912;;;;206;845;802;;;;;;;365;213;;;;;;73;;;;;;;;;555;442;13198;15503;;;;;;
162;Chemnitzer Umland – Erzgebirgskreis II;14;171911;171911;140053;140053;1874;846;138179;139207;16137;11899;38302;29537;3827;4523;4654;4416;61030;57241;;;14229;10864;;2814;;1605;;;;581;;;;179;;450;;;;;;;;126;;;;;;32;;;;;;;;;;392;;14548;;;;;;
163;Erzgebirgskreis I;14;202995;202995;164324;164324;1683;1508;162641;162816;10741;10739;40717;33585;2597;3646;3590;4797;75867;75154;;;11122;11359;5545;3780;;1897;;;;574;;;;177;;392;;;;;;;;102;;;;;;53;;;;;;;;;;530;10287;16031;;;;;2175;
164;Zwickau;14;189565;189565;150837;150837;1202;968;149635;149869;14837;13376;35428;31806;3485;4910;4356;4571;59722;60791;;;11212;12799;4712;2568;;1764;;;1773;831;;;;159;;498;;;;;;;;88;;;;;145;81;;;;;;;;;458;369;13507;15258;;;;;;
165;Vogtlandkreis;14;177440;177440;141582;141582;1593;864;139989;140718;13974;12383;37770;30407;4524;4436;3412;4092;60676;57140;;;13335;10937;6298;2346;;1770;;;;679;;;;162;;352;;;;;;;;88;;;;;;64;;;;;;;;;;309;;15553;;;;;;
14;Sachsen;99;3184219;3184219;2584784;2584784;22104;15321;2562680;2569463;247320;217155;612716;507168;129024;167256;69713;83495;986035;958363;;;326812;290440;71766;40136;;29738;;;12289;13709;;;;4021;10765;14744;;;;;;;1259;2474;;;;;772;1113;;;;;;;;;11673;7452;79561;232199;;;;;2975;
;;;;;;;;;;;;;;;;;;;;;;;;;;;;;;;;;;;;;;;;;;;;;;;;;;;;;;;;;;;;;;;;;;;;;;
166;Waldeck;06;180475;180475;150103;150103;1662;1393;148441;148710;41883;33994;46166;42778;10559;12718;4863;5921;31701;31359;;;8462;9115;4807;2496;;2152;;;;658;;;;;;623;;;;;;;;119;;;;;;38;;;;;;;;;;237;;6502;;;;;;
167;Kassel;06;214132;214132;175151;175151;2057;1558;173094;173593;47903;38770;42003;38984;24335;25224;4734;6238;28122;27359;;;20208;21334;2934;1517;;2363;;;;859;;;;;2485;1272;;;;;;;;118;;;;;370;126;;;;;;;;;;264;;9165;;;;;;
168;Werra-Meißner – Hersfeld-Rotenburg;06;167770;167770;138613;138613;1651;1432;136962;137181;38010;30447;44170;38981;7357;9947;3326;5247;30924;31856;;;7245;8575;3961;2779;;1743;;;;594;;;;;1367;954;;;;;;;;81;;;;;;26;;;;;;;;;;227;;5724;;;;;602;
169;Schwalm-Eder;06;182432;182432;153583;153583;1854;1538;151729;152045;42943;34060;45653;41681;8704;11875;4330;6169;36357;36109;;;7975;8625;5767;3081;;2270;;;;726;;;;;;610;;;;;;;;91;;;;;;26;;;;;;;;;;200;;6522;;;;;;
170;Marburg;06;179871;179871;152351;152351;1188;970;151163;151381;45774;31104;44013;39797;13738;19597;3481;5910;27634;27522;;;11452;16006;2642;1877;;1690;;;;651;;;;;1494;944;;;;;;;;115;;;;;;32;;;;;;;;;;213;;5923;;;;;935;
171;Lahn-Dill;06;203566;203566;166096;166096;1682;1398;164414;164698;39556;31086;56420;49667;11202;14492;4544;6699;37997;37483;;;8678;10932;3807;2415;;2252;;;;1023;;;;;2210;1178;;;;;;;;123;;;;;;64;;;;;;;;;;277;;7007;;;;;;
172;Gießen;06;215142;215142;178691;178691;1749;1445;176942;177246;49203;33232;53851;47077;15277;21925;4906;7410;33549;33917;;;12442;17359;5121;3043;;2199;;;;1079;;;;;2593;1547;;;;;;;;210;;;;;;75;;;;;;;;;;284;;7889;;;;;;
173;Fulda;06;206544;206544;174967;174967;1471;1285;173496;173682;23675;22299;75039;65247;11460;13195;5969;8517;39789;40952;;;7254;9085;6101;3951;;1649;;;1608;789;;;;;1901;1262;;;;;;;;115;;;;;;22;;;;;;;;;700;356;;6243;;;;;;
174;Main-Kinzig – Wetterau II – Schotten;06;175443;175443;146919;146919;1616;1295;145303;145624;29795;23746;49613;44475;10739;12820;4755;6777;36229;36169;;;7063;8356;4510;2769;;2194;;;;793;;;;;1722;978;;;;;;;;101;;;;;;37;;;;;;;;;877;364;;6045;;;;;;
175;Hochtaunus;06;178433;178433;152705;152705;1346;1001;151359;151704;29458;25252;57261;50934;18418;19814;7275;9963;25045;24855;;;8108;9353;3299;1828;;1772;;;;630;;;;;2495;1291;;;;;;;;120;;;;;;31;;;;;;;;;;216;;5645;;;;;;
176;Wetterau I;06;176890;176890;149797;149797;1442;1164;148355;148633;38192;26144;49929;45704;14407;19686;5766;7963;25930;25828;;;7726;10598;3830;2377;;1990;;;;824;;;;;2575;1425;;;;;;;;130;;;;;;29;;;;;;;;;;221;;5714;;;;;;
177;Rheingau-Taunus – Limburg;06;217091;217091;182786;182786;1725;1208;181061;181578;40099;30839;66650;60697;19472;22142;7660;10177;31376;31944;;;9026;11453;3890;2174;;2363;;;;915;;;;;2888;1646;;;;;;;;148;;;;;;38;;;;;;;;;;311;;6731;;;;;;
178;Wiesbaden;06;186038;186038;148191;148191;1431;984;146760;147207;32698;25711;44994;39189;21876;23494;5944;8234;20405;20737;;;15412;16942;2316;1244;;1506;;;;692;;;;;3115;1772;;;;;;;;173;;;;;;61;;;;;;;;;;203;;7249;;;;;;
179;Hanau;06;175251;175251;143473;143473;1578;1218;141895;142255;35907;26049;45343;40879;12133;15483;5153;7024;27152;27407;;;10768;12169;3339;1714;;2071;;;;733;;;;;2100;1222;;;;;;;;119;;;;;;44;;;;;;;;;;233;;7108;;;;;;
180;Main-Taunus;06;193390;193390;165897;165897;1344;1044;164553;164853;29237;25838;65485;57903;23001;23886;8846;12190;21541;21890;;;9861;10899;2962;1661;;1655;;;;698;;;;;2691;1598;;;;;;;;132;;;;;;52;;;;;;;;;929;418;;6033;;;;;;
181;Frankfurt am Main I;06;203423;203423;160181;160181;1547;1159;158634;159022;40832;27190;41232;37384;25758;28697;7418;10541;17067;17092;;;20329;24476;1465;856;;1370;;;1693;801;;;;;2517;1892;;;;;;;;156;;;;;323;103;;;;;;;;;;190;;8274;;;;;;
182;Frankfurt am Main II;06;231104;231104;191699;191699;1489;1119;190210;190580;35099;32775;52042;47486;50303;39503;8768;12532;17451;17799;;;18794;25783;1501;961;;1411;;;1849;976;;;;;3207;2351;;;;;;;;225;;;;;224;67;;;;;;;;;532;298;;8413;;;;;440;
183;Groß-Gerau;06;172337;172337;140681;140681;1682;1252;138999;139429;40121;27978;42181;37903;11195;15832;4667;6266;22817;23606;;;12390;13876;3442;1816;;1940;;;;816;;;;;1896;1073;;;;;;;;142;;;;;290;84;;;;;;;;;;209;;7888;;;;;;
184;Offenbach;06;218352;218352;174370;174370;1852;1407;172518;172963;38383;30178;53812;47974;25416;22646;6606;9360;26300;26232;;;17842;19893;4159;1839;;2218;;;;858;;;;;;1539;;;;;;;;147;;;;;;67;;;;;;;;;;243;;9769;;;;;;
185;Darmstadt;06;239490;239490;203008;203008;1748;1274;201260;201734;42398;37368;53801;48719;43629;38495;6626;9664;27391;27443;;;15384;22541;2038;1388;2772;2246;;;1855;1142;;;;;5122;3115;;;;;;;;249;;;;;244;86;;;;;;;;;;287;;8991;;;;;;
186;Odenwald;06;230672;230672;194828;194828;2196;1612;192632;193216;47730;35037;65469;59337;17328;21757;6825;9539;35565;36239;;;11705;13739;5264;2736;;2982;;;;1022;;;;;2746;1738;;;;;;;;143;;;;;;66;;;;;;;;;;302;;8579;;;;;;
187;Bergstraße;06;195418;195418;164913;164913;1705;1264;163208;163649;34229;28439;59212;51097;14917;18345;6289;8475;33330;32973;;;8813;9970;3651;2060;;2477;;;;836;;;;;2767;1503;;;;;;;;139;;;;;;49;;;;;;;;;;273;;7013;;;;;;
06;Hessen;99;4343264;4343264;3609003;3609003;36015;28020;3572988;3580983;843125;657536;1154339;1033893;411224;451573;128751;180816;633672;636771;;;256937;311079;80806;46582;2772;44513;;;7005;18115;;;;;47891;31533;;;;;;;;3096;;;;;1451;1223;;;;;;;;;3038;5826;;158427;;;;;1977;
;;;;;;;;;;;;;;;;;;;;;;;;;;;;;;;;;;;;;;;;;;;;;;;;;;;;;;;;;;;;;;;;;;;;;;
188;Eichsfeld – Nordhausen – Kyffhäuserkreis;16;206488;206488;165874;165874;1357;1175;164517;164699;14360;14096;45730;38444;3000;4425;3818;4877;65025;64144;;;19528;21894;;1702;;;;;;;;;;;;485;;;;;;;;;;;;;342;174;;;;;;;;;;373;12714;14085;;;;;;
189;Eisenach – Wartburgkreis – Unstrut-Hainich-Kreis;16;201182;201182;159953;159953;1305;1249;158648;158704;18894;14825;35936;31218;3882;4733;2345;4052;61093;64059;;;16028;20761;3768;2914;;;;;;;;;;;;676;;;;;;;;;;;;;338;264;;;;;;;;;;430;12823;14772;;;;;3541;
190;Jena – Sömmerda – Weimarer Land I;16;194207;194207;161207;161207;1110;927;160097;160280;18734;14495;29660;27797;9587;12157;3655;4922;52014;52019;;;31246;29919;3413;2236;;;;;;;;;;;;1428;;;;;;;;;;;;;333;233;;;;;;;;;;368;11455;14706;;;;;;
191;Gotha – Ilm-Kreis;16;184294;184294;147985;147985;1359;1162;146626;146823;14680;12958;29345;25917;4402;5144;2999;3906;60348;59553;;;18753;21968;3236;2453;;;;;;;;;;;;697;;;;;;;;;;;;;;178;;;;;;;;;;465;11661;13584;;;;;1202;
192;Erfurt – Weimar – Weimarer Land II;16;214387;214387;176031;176031;1169;1189;174862;174842;13900;18408;28587;30713;5458;15312;3350;5034;46611;46998;;;64389;38667;1918;1760;;;;;;;;;;;;1594;;;;;;;;;;;;;353;276;;;;;;;;;;395;10296;15685;;;;;;
193;Gera – Greiz – Altenburger Land;16;220281;220281;173712;173712;1434;1349;172278;172363;18698;13622;34406;30631;3323;4924;3918;5137;77161;74761;;;20441;22450;3416;2276;;;;;;;;;;;;721;;;;;;;;;;;;;;209;;;;;;;;;;669;10915;16963;;;;;;
194;Saalfeld-Rudolstadt – Saale-Holzland-Kreis – Saale-Orla-Kreis;16;211549;211549;172601;172601;1267;1161;171334;171440;14260;12905;35224;30756;4340;5055;3834;4811;76207;73580;;;21113;23080;3943;2822;;;;;;;;;;;;773;;;;;;;;;;;;;;176;;;;;;;;;;470;12413;17012;;;;;;
195;Suhl – Schmalkalden-Meiningen – Hildburghausen – Sonneberg;16;219979;219979;176252;176252;1392;1269;174860;174983;18315;14606;33940;30596;2829;4334;4205;4547;73609;75405;;;18445;21952;6139;4459;;;;;;;;;;;;632;;;;;;;;;;;;;317;320;;;;;;;;;;438;14683;17694;;;;;2378;
16;Thüringen;99;1652367;1652367;1333615;1333615;10393;9481;1323222;1324134;131841;115915;272828;246072;36821;56084;28124;37286;512068;510519;;;209943;200691;25833;20622;;;;;;;;;;;;7006;;;;;;;;;;;;;1683;1830;;;;;;;;;;3608;96960;124501;;;;;7121;
;;;;;;;;;;;;;;;;;;;;;;;;;;;;;;;;;;;;;;;;;;;;;;;;;;;;;;;;;;;;;;;;;;;;;;
196;Neuwied;07;236097;236097;194327;194327;1937;1227;192390;193100;42315;35679;68501;62297;11919;15674;6858;8488;40363;41996;;;9691;11694;4345;3234;;2373;;;;911;;;;;1955;1178;;239;;;;;;;;;;;;52;;;;;;;;;;299;6443;8986;;;;;;
197;Ahrweiler;07;191196;191196;159654;159654;1701;965;157953;158689;30537;28429;62012;55289;14413;15725;5282;7563;28335;29076;;;8224;9069;5584;3170;;1769;;;;685;;;;;2016;1105;833;333;;;;;;;;;;;;33;;;;;;;;;717;303;;6140;;;;;;
198;Koblenz;07;189619;189619;155945;155945;1653;994;154292;154951;37659;30233;55097;48758;15001;18026;4703;7405;24836;25417;;;9028;11900;5858;2959;;1671;;;;803;;;;;2110;1123;;208;;;;;;;;;;;;62;;;;;;;;;;205;;6181;;;;;;
199;Mosel/Rhein-Hunsrück;07;168634;168634;142280;142280;2098;1058;140182;141222;27079;25141;53505;49309;10039;10918;7588;7521;27058;27721;;;6495;7411;6009;3669;;1709;;;;685;;;;;1279;856;1130;412;;;;;;;;;;;;22;;;;;;;;;;254;;5594;;;;;;
200;Kreuznach;07;179528;179528;146442;146442;1505;991;144937;145451;38085;29494;46766;44074;7764;11570;4714;6425;30689;32452;;;6352;8583;4407;2712;;1816;;;;621;;;;;1441;998;;202;;;;;;;;;;;;69;;;;;;;;;;181;4719;6254;;;;;;
201;Bitburg;07;161723;161723;134564;134564;1590;950;132974;133614;27098;22634;53458;48896;7362;10070;4154;6041;22265;23936;;;4894;6622;11825;7030;;1482;;;;581;;;;;1918;870;;262;;;;;;;;;;;;16;;;;;;;;;;192;;4982;;;;;;
202;Trier;07;187536;187536;156858;156858;1442;931;155416;155927;47052;31155;47841;47886;12834;19025;6151;7266;22101;24103;;;7774;11944;4127;3192;;1717;;;;819;;;;;1559;1430;619;312;;;;;;;;;;;;37;;;;;;;;;;199;5358;6842;;;;;;
203;Montabaur;07;209489;209489;174499;174499;2185;1577;172314;172922;40265;31353;61540;56164;10840;14638;5479;7959;35333;36388;;;8708;10315;5941;3791;4208;2467;;;;823;;;;;;1150;;214;;;;;;;;;;;;30;;;;;;;;;;300;;7330;;;;;;
204;Mainz;07;251092;251092;214604;214604;1917;1382;212687;213222;50411;39496;57971;56549;40617;44146;8031;10914;21665;23043;;;19431;23596;3039;2045;;1772;;;1454;973;;;;;4078;2768;1033;648;;;;;;;;;;;;50;;;;;;;;;;181;4957;7041;;;;;;
205;Worms;07;211985;211985;178231;178231;1976;1533;176255;176698;39042;33740;62290;50919;13996;18870;5171;8240;35866;38743;;;8638;11219;3857;2888;;2282;;;;789;;;;;2392;1523;;253;;;;;;;;;;;;37;;;;;;;;;;262;4401;6933;;;;;602;
206;Ludwigshafen/Frankenthal;07;205998;205998;163106;163106;2081;1444;161025;161662;42212;31416;43626;44478;12367;14377;5736;7095;37119;37872;;;7794;11028;4618;2871;;2194;;;;790;;;;;1481;1028;;180;;;;;;;;;;;;45;;;;;;;;;640;412;5432;7876;;;;;;
207;Neustadt – Speyer;07;217120;217120;182171;182171;1700;1241;180471;180930;39588;32815;62618;54948;16908;21329;5580;8796;35239;36881;;;7117;10071;4902;3506;;2260;;;;717;;;;;2507;1657;;221;;;;;;;;;;;;28;;;;;;;;;472;325;5540;7376;;;;;;
208;Kaiserslautern;07;219832;219832;179200;179200;2318;1557;176882;177643;49462;36500;42591;44231;10099;14624;5137;6973;45159;45952;;;7397;10770;7385;4695;;2649;;;;797;;;;;1570;992;;236;;;;;;;;;;;;56;;;;;;;;;453;331;7629;8837;;;;;;
209;Pirmasens;07;167724;167724;139067;139067;1840;1383;137227;137684;28474;23976;45682;41657;6112;8138;4078;5666;34424;37286;;;4924;6594;4632;2903;3840;2888;;;;636;;;;;;607;;150;;;;;;;;;;;;31;;;;;;;;;234;249;4827;6903;;;;;;
210;Südpfalz;07;216108;216108;179904;179904;1717;1327;178187;178577;34273;30705;68122;55080;13802;19800;4686;7684;35589;37867;;;7114;10928;4097;3363;3060;2485;;;;840;;;;;2083;1560;;276;;;;;;;;;;;;68;;;;;;;;;;231;5361;7690;;;;;;
07;Rheinland-Pfalz;99;3013681;3013681;2500852;2500852;27660;18560;2473192;2482292;573552;462766;831620;760535;204073;256930;83348;114036;476041;498733;;;123581;161744;80626;52028;11108;31534;;;1454;11470;;;;;26389;18845;3615;4146;;;;;;;;;;;;636;;;;;;;;;2516;3924;54667;104965;;;;;602;
;;;;;;;;;;;;;;;;;;;;;;;;;;;;;;;;;;;;;;;;;;;;;;;;;;;;;;;;;;;;;;;;;;;;;;
211;Altötting;09;167997;167997;137711;137711;743;457;136968;137254;11870;11493;;;10399;10713;4037;4887;32226;33187;60164;54393;5867;6212;8638;7504;;1057;1580;800;;501;;;;;;550;2187;839;;;;;;88;;;;340;;28;;;;;;;;;;114;;4548;;;;;;
212;Erding – Ebersberg;09;201032;201032;175170;175170;727;439;174443;174731;17609;17630;;;23383;22730;6323;8831;27275;28849;80087;70010;6856;8824;7059;7524;;1418;;600;;695;;;;;2012;1212;2472;1023;;;;;;129;;;;375;;31;;;;;;;;;;170;;4680;;;;;1367;
213;Freising;09;238346;238346;205009;205009;942;579;204067;204430;23357;20234;;;25718;23759;5803;8898;36965;38981;88023;78633;8630;10646;13209;11034;;1657;2362;948;;868;;;;;;1193;;1034;;;;;;177;;;;367;;37;;;;;;;;;;135;;5829;;;;;;
214;Fürstenfeldbruck;09;230186;230186;199419;199419;822;523;198597;198896;29795;23134;;;23886;27778;8748;10015;27997;29818;84648;78928;7312;10605;8829;6926;2870;1634;;654;;785;;;;;2541;1703;1971;924;;;;;;151;;;;327;;25;;;;;;;;;;150;;5339;;;;;;
215;Ingolstadt;09;235847;235847;196036;196036;956;704;195080;195332;21555;19812;;;14531;18024;3711;7350;39220;41850;91837;78647;7730;9258;9906;9142;2001;1411;;652;1385;863;;;;;1575;1033;1629;826;;;;;;113;;;;301;;31;;;;;;;;;;150;;5869;;;;;;
216;München-Nord;09;223690;223690;185755;185755;1017;523;184738;185232;36593;28582;;;44697;42281;8536;12394;16685;17688;59872;53494;12121;16785;2700;2195;;1186;;401;;779;;;;;3010;2295;;563;;;;;;169;;;;150;;47;;;;;;;;;524;168;;6055;;;;;;
217;München-Ost;09;243727;243727;204779;204779;1063;588;203716;204191;31514;30928;;;49343;44955;8250;12795;18438;19672;73929;63472;12464;17133;3648;2488;;1324;;436;2046;840;;;;;4084;2280;;740;;;;;;182;;;;208;;46;;;;;;;;;;133;;6559;;;;;;
218;München-Süd;09;214876;214876;181033;181033;629;444;180404;180589;26427;28005;;;53695;43483;7163;10046;15864;16773;54803;51845;9819;16846;2357;2086;1641;1324;;392;1167;804;;;;;2778;2268;;652;;;;;;173;;;;153;102;53;;;;;;;;;;104;4588;5582;;;;;;
219;München-West/Mitte;09;246546;246546;210770;210770;2754;447;208016;210323;32990;32280;;;60196;52687;10324;12529;;18815;72171;60481;12671;18658;6361;2459;3687;1233;;406;2248;859;;;;;4395;2529;;744;;;;;;171;;;;161;;45;;;;;;;;;1671;165;;6101;;;;;1302;
220;München-Land;09;233438;233438;205557;205557;798;464;204759;205093;27304;26648;;;40043;35335;8785;12981;22919;24069;88197;80084;8428;10311;6077;4279;3006;1666;;520;;771;;;;;;1822;;766;;;;;;161;;;;240;;25;;;;;;;;;;147;;5268;;;;;;
221;Rosenheim;09;238400;238400;201569;201569;954;658;200615;200911;17905;19265;;;25185;25018;5724;9362;36811;39370;82005;75528;9147;10130;16019;9469;2706;1710;2341;1249;;817;;;;;1891;1001;;1000;;;;;350;173;;;;479;;31;;;;;;;;;531;292;;6017;;;;;;
222;Bad Tölz-Wolfratshausen – Miesbach;09;165905;165905;141866;141866;716;468;141150;141398;10901;12829;;;20820;17584;4754;7507;23293;24280;65482;59231;4695;5717;7225;6309;;930;;512;;539;;;;;1107;766;1271;597;;;;;;62;;;1602;547;;21;;;;;;;;;;104;;3863;;;;;;
223;Starnberg – Landsberg am Lech;09;214841;214841;188348;188348;855;634;187493;187714;24165;21598;;;31338;31552;6665;10962;24163;25281;80382;72605;6441;9709;6061;5146;2431;1453;1521;774;1504;882;;;;;2119;1264;;757;;;;;;131;;;703;429;;25;;;;;;;;;;131;;5015;;;;;;
224;Traunstein;09;208678;208678;172572;172572;818;548;171754;172024;20845;16925;;;14985;17677;3270;5891;30995;34619;80507;66829;6885;7515;10689;11217;;1450;1796;976;;668;;;;;;662;1782;1001;;;;;;86;;;;441;;28;;;;;;;;;;134;;5905;;;;;;
225;Weilheim;09;168223;168223;143715;143715;801;388;142914;143327;13488;13888;;;18129;17098;6356;6760;22082;24240;65407;59685;5698;6870;8023;6333;;1012;;587;;667;;;;;1400;692;2331;963;;;;;;82;;;;301;;15;;;;;;;;;;118;;4016;;;;;;
226;Deggendorf;09;165283;165283;135617;135617;709;381;134908;135236;12155;10912;;;6512;6856;5187;4283;36248;39532;58446;52052;3068;4179;11373;10574;;764;;294;;279;;;;;821;399;;508;;;;;;47;;;1098;464;;14;;;;;;;;;;116;;3963;;;;;;
227;Landshut;09;246199;246199;208264;208264;874;633;207390;207631;18819;19652;;;17136;18059;6437;7728;42148;46439;71014;75251;7564;9600;38336;19279;2091;1567;;603;;692;;;;;1071;832;1895;1082;;;;;;127;;;879;464;;33;;;;;;;;;;168;;6055;;;;;;
228;Passau;09;176118;176118;144127;144127;597;406;143530;143721;20120;13904;;;7425;9821;3072;4706;33776;36665;58538;55447;4172;5692;9199;9154;;873;;300;;355;;;;;799;488;2625;1016;;;;;;71;;;;241;;8;;;;;;;;;;85;3804;4895;;;;;;
229;Rottal-Inn;09;172567;172567;142729;142729;663;407;142066;142322;9947;10899;;;7688;7841;2625;4272;32882;37105;49581;54707;4166;4990;32668;14997;;821;;368;;378;;;;;898;457;1611;870;;;;;;66;;;;313;;15;;;;;;;;;;79;;4144;;;;;;
230;Straubing;09;172562;172562;141572;141572;629;454;140943;141118;11133;11321;;;7241;7466;2715;4279;36671;39113;65291;55427;4394;4934;11139;11127;;883;;314;;368;;;;;;355;1877;896;;;;;;53;;;;297;;17;;;;;;;;;482;144;;4124;;;;;;
231;Amberg;09;213946;213946;181998;181998;865;670;181133;181328;19705;19333;;;12177;13961;4699;5968;38359;40019;80626;72724;7316;7977;12883;11310;;1323;1609;784;;580;;;;;1403;810;1746;795;;;;;;107;;;;337;;33;;;;;;;;;610;212;;5055;;;;;;
232;Regensburg;09;250692;250692;212425;212425;757;567;211668;211858;27602;23589;;;27691;28292;5231;7406;37931;39743;80980;75587;9721;14778;11195;10440;2039;1405;;526;;726;;;;;2170;1665;1654;856;;;;;;147;;;;232;;32;;;;;;;;;319;206;5135;6228;;;;;;
233;Schwandorf;09;220942;220942;185064;185064;915;557;184149;184507;25536;17112;;;7512;9172;3426;4927;49700;51974;77716;72443;4913;6052;13593;14477;;1061;;509;;423;;;;;;483;1233;681;;;;;;79;;;;336;;29;;;;;;;;;520;206;;4543;;;;;;
234;Weiden;09;162689;162689;136797;136797;653;435;136144;136362;16294;15931;;;6624;7926;4126;4169;31351;33124;59268;55094;5590;5367;9673;8215;;896;;449;;347;;;;;;417;787;418;;;;;;61;;;;306;;21;;;;;;;;;;107;;3514;;;;;2431;
235;Bamberg;09;179277;179277;155528;155528;671;474;154857;155054;22569;17554;;;20762;19474;4709;6095;28887;29977;61044;57363;7914;10111;6174;5462;;1166;;500;;560;;;;;1789;1307;1009;459;;;;;;121;;;;173;;49;;;;;;;;;;117;;4566;;;;;;
236;Bayreuth;09;158660;158660;134080;134080;614;399;133466;133681;19068;16404;;;11000;13155;3728;4987;25068;26682;59366;51467;6113;7605;6741;5969;;1043;984;473;;441;;;;;1398;845;;314;;;;;;95;;;;112;;22;;;;;;;;;;94;;3973;;;;;;
237;Coburg;09;153392;153392;128802;128802;627;495;128175;128307;18425;18401;;;10942;9603;2489;4135;26821;28512;53726;47709;5018;6965;6943;5071;;1181;;387;;496;;;;;;705;973;450;;;;;;103;;;;120;;33;;;;;;;;;;122;2838;4314;;;;;;
238;Hof;09;157915;157915;129452;129452;790;452;128662;129000;22966;17420;;;6392;7802;3165;4031;30614;31308;51926;48966;5790;6848;6174;4773;;1173;;382;;439;;;;;997;547;;236;;;;;;81;;;;130;;23;;;;;;;;;638;219;;4622;;;;;;
239;Kulmbach;09;165446;165446;141537;141537;771;462;140766;141075;13210;15327;;;9232;10176;2838;4550;30698;32988;69446;56803;5361;6210;8744;7184;;1133;;439;;538;;;;;1237;719;;424;;;;;;75;;;;172;;25;;;;;;;;;;129;;4183;;;;;;
240;Ansbach;09;240854;240854;203889;203889;1082;707;202807;203182;26716;24614;;;18247;19216;5372;6859;43010;43681;84718;75746;9432;10146;10958;9498;;1676;;806;;713;;;;;2098;1162;2256;1089;;;;;;152;;;;257;;34;;;;;;;;;;188;;7345;;;;;;
241;Erlangen;09;186493;186493;162266;162266;847;467;161419;161799;28003;22444;;;29337;29142;4761;6888;22637;23505;57972;54595;9115;11552;7023;4129;;1170;;496;;703;;;;;2571;1375;;557;;;;;;170;;;;137;;50;;;;;;;;;;129;;4757;;;;;;
242;Fürth;09;248261;248261;208331;208331;1181;822;207150;207509;36976;29393;;;22507;25808;6095;8087;38338;39098;77540;71334;12636;14099;8042;5950;;1996;;724;;831;;;;;2279;1419;2737;793;;;;;;161;;;;186;;61;;;;;;;;;;201;;7368;;;;;;
243;Nürnberg-Nord;09;187178;187178;151378;151378;889;635;150489;150743;26739;23568;;;32432;29683;4976;6530;18093;18303;45420;41084;14697;19233;2962;1761;;1291;;414;1597;748;;;;;2243;1582;984;488;;;;;;158;;;;56;346;83;;;;;;;;;;139;;5622;;;;;;
244;Nürnberg-Süd;09;174758;174758;136867;136867;1005;714;135862;136153;24212;20814;;;14729;15262;3557;4872;27132;26901;48915;43914;10811;11682;3668;2386;;1507;;422;;582;;;;;1870;906;968;430;;;;;;105;;;;87;;68;;;;;;;;;;166;;6049;;;;;;
245;Roth;09;227701;227701;197174;197174;990;630;196184;196544;25556;26319;;;24180;23879;5524;7482;33197;35443;84143;74208;9949;10626;8870;7155;;1818;;656;;753;;;;;1884;1082;1397;657;;;;;;110;;;;187;;27;;;;;;;;;655;283;;5859;;;;;829;
246;Aschaffenburg;09;180280;180280;155319;155319;984;742;154335;154577;19006;19697;;;18230;17251;5169;6833;28439;29410;67592;58806;7335;9277;4314;3455;;1509;;405;;641;;;;;1650;1177;1078;492;;;;;;111;;;572;236;;70;;;;;;;;;423;222;;4985;;;;;527;
247;Bad Kissingen;09;210364;210364;180549;180549;7630;734;172919;179815;25127;17374;;;10616;13320;8443;6462;;41399;87357;75099;9962;8239;22295;8052;;1261;;697;;671;;;;;;717;2239;621;;;;;;112;;;;226;;34;;;;;;;;;6880;284;;5247;;;;;;
248;Main-Spessart;09;191994;191994;165485;165485;947;598;164538;164887;25758;20525;;;13734;14699;3807;5892;29811;31911;74872;67725;6798;8065;8327;6235;;1427;;591;;605;;;;;;956;1431;549;;;;;;97;;;;168;;29;;;;;;;;;;219;;5194;;;;;;
249;Schweinfurt;09;194070;194070;163493;163493;1008;656;162485;162837;21832;18705;;;12894;14828;3992;5823;33826;34401;70454;64165;7606;8467;7822;6342;;1369;;682;;613;;;;;1558;958;1374;561;;;;;;111;;;930;338;197;56;;;;;;;;;;131;;5287;;;;;;
250;Würzburg;09;222633;222633;192414;192414;1014;559;191400;191855;26348;25877;;;36590;31416;8009;8492;24815;25961;74909;68556;9764;15639;5704;4455;;1491;2083;851;;717;;;;;3178;1922;;628;;;;;;176;;;;161;;29;;;;;;;;;;166;;5318;;;;;;
251;Augsburg-Stadt;09;186447;186447;148106;148106;803;547;147303;147559;20701;19791;;;30321;24311;4138;6076;25488;25826;45744;41917;10969;15568;5462;3359;;1189;1433;679;;931;;;;;1726;1011;1078;557;;;;;;139;;;;162;243;93;;;;;;;;;;119;;5831;;;;;;
252;Augsburg-Land;09;231356;231356;199572;199572;985;640;198587;198932;25217;21263;;;18277;21838;5509;7946;37562;38629;88361;79039;7841;9555;10256;9325;;1443;1969;1002;;793;;;;;1479;777;2116;863;;;;;;120;;;;300;;42;;;;;;;;;;145;;5852;;;;;;
253;Donau-Ries;09;192384;192384;163307;163307;665;543;162642;162764;19718;15226;;;9398;11852;3894;6071;34914;36832;73296;67120;5536;6250;9962;10291;;1215;1411;911;;527;;;;;;520;964;567;;;;;;83;;;;221;;20;;;;;;;;;;108;3549;4950;;;;;;
254;Neu-Ulm;09;215190;215190;178448;178448;1057;660;177391;177788;18762;19104;;;14869;15920;5121;7349;41999;41290;75357;65849;8006;9318;6163;6688;3014;1912;1422;738;;711;;;;;1755;1026;;585;;;;;264;149;;;;277;;38;;;;;;;;;659;280;;6554;;;;;;
255;Memmingen – Unterallgäu;09;159352;159352;134549;134549;948;419;133601;134130;12674;12136;;;10821;11191;3937;5528;30372;31392;58477;52441;6213;5944;11107;7307;;1006;;723;;548;;;;;;537;;840;;;;;;90;;;;235;;23;;;;;;;;;;126;;4063;;;;;;
256;Oberallgäu;09;227116;227116;191708;191708;999;720;190709;190988;16061;20116;;;23667;23602;8116;8216;31804;33444;70228;72528;7461;10016;16474;9775;2980;1825;;1225;;894;;;;;2205;1431;1559;988;;;;;;110;;;;287;;45;;;;;;;;;;206;;6280;;;;;10154;
257;Ostallgäu;09;161049;161049;136863;136863;937;448;135926;136415;13576;12772;;;14112;13673;3543;5211;26565;27434;61893;54701;6099;6460;10138;7506;;1010;;754;;671;;;;;;779;;629;;;;;;95;;;;278;;19;;;;;;;;;;145;;4278;;;;;;
09;Bayern;99;9464900;9464900;7997019;7997019;48701;25897;7948318;7971122;1016849;920748;;;969643;957169;246859;333361;1384089;1515533;3271730;2963732;366094;456663;461183;345812;28466;61869;20511;29011;9947;30612;;;;;65991;50636;49234;33328;;;;;614;5530;;;5784;12315;888;1663;;;;;;;;;13912;7476;19914;245664;;;;;16610;
;;;;;;;;;;;;;;;;;;;;;;;;;;;;;;;;;;;;;;;;;;;;;;;;;;;;;;;;;;;;;;;;;;;;;;
258;Stuttgart I;08;188917;188917;162092;162092;912;415;161180;161677;25231;24194;45652;42315;45668;40810;9327;11751;13843;14422;;;14200;17528;1980;878;;828;;307;1570;685;;;;;3426;2058;;260;;;;;;;;148;;;283;94;;;;;;;;;;108;;5291;;;;;;
259;Stuttgart II;08;174909;174909;139573;139573;1076;631;138497;138942;22055;22564;42059;37214;29438;24215;5789;8085;20165;19979;;;12414;15095;1789;975;;986;;351;1657;692;;;;;2200;1423;;219;;;;;;;;138;;;344;145;;;;;;;;;;151;;6710;;;;;587;
260;Böblingen;08;243100;243100;204959;204959;1381;942;203578;204017;34197;29381;76031;67755;27409;28451;12438;14312;34826;35769;;;9936;12167;6045;2980;;1372;;456;;778;;;;;1826;1323;;329;;;;;;;;422;;;280;109;;;;;;;;;;221;;8192;;;;;590;
261;Esslingen;08;165367;165367;139385;139385;777;583;138608;138802;22446;21533;51329;45134;21500;20809;6021;7966;21754;22299;;;9177;9942;3479;1877;;1124;1104;493;;572;;;;;1798;1098;;222;;;;;;;;153;;;;83;;;;;;;;;;137;;5360;;;;;;
262;Nürtingen;08;203453;203453;173210;173210;1080;780;172130;172430;28298;24364;64951;58091;24794;23392;9105;11503;30578;31029;;;9264;9951;5140;2660;;1466;;697;;769;;;;;;1180;;314;;;;;;;;339;;;;58;;;;;;;;;;171;;6446;;;;;;
263;Göppingen;08;174712;174712;143878;143878;1197;839;142681;143039;24232;20544;52945;47870;13239;13447;5839;7925;32263;33279;;;6812;7797;4449;2137;;1228;1653;729;;604;;;;;1072;674;;257;;;;;;;;168;;;177;68;;;;;;;;;;175;;6137;;;;;;
264;Waiblingen;08;219692;219692;184963;184963;1227;868;183736;184095;31594;26984;69223;61351;22702;23496;10519;12485;33167;34225;;;9725;10731;4714;2350;;1686;2092;893;;705;;;;;;1161;;329;;;;;;;;373;;;;79;;;;;;;;;;215;;7032;;;;;;
265;Ludwigsburg;08;212479;212479;179564;179564;1138;773;178426;178791;27089;27023;65151;57281;28624;26602;9136;11448;30109;30184;;;11130;12277;3164;2114;;1310;1458;645;;704;;;;;1765;1312;800;359;;;;;;;;228;;;;60;;;;;;;;;;169;;7075;;;;;;
266;Neckar-Zaber;08;228597;228597;195892;195892;1272;879;194620;195013;29182;28171;76390;64629;22573;23637;7695;12296;37965;39633;;;9924;10386;5081;2854;;1636;2043;1003;;806;;;;;2775;1471;992;459;;;;;;;;329;;;;82;;;;;;;;;;193;;7428;;;;;;
267;Heilbronn;08;238592;238592;194706;194706;1705;1256;193001;193450;29914;27713;67516;56936;16637;18307;9853;12027;48360;49239;;;11484;11923;4328;2649;;1977;1915;1003;;927;;;;;1997;1239;;370;;;;;;;;359;;;313;86;;;;;;;;;684;304;;8391;;;;;;
268;Schwäbisch Hall – Hohenlohe;08;224446;224446;186104;186104;1415;1092;184689;185012;27498;24445;67217;58817;18528;18083;8307;10582;44361;46423;;;8902;9845;4614;2862;;1524;2067;1115;1718;896;;;;;1477;1105;;460;;;;;;;;529;;;;69;;;;;;;;;;266;;7991;;;;;;
269;Backnang – Schwäbisch Gmünd;08;175503;175503;146412;146412;1272;727;145140;145685;23853;20169;53070;47465;15498;15531;5844;7846;33945;33898;;;7486;8422;3174;1732;;1243;;566;2040;809;;;;;;795;;287;;;;;;;;348;;;230;62;;;;;;;;;;222;;6290;;;;;;
270;Aalen – Heidenheim;08;217828;217828;180562;180562;1738;1009;178824;179553;25137;25288;74007;62269;14872;16827;6425;8745;41336;41365;;;8987;9696;4984;2930;;1362;;581;;701;;;;;1878;918;;334;;;;;;;;219;;;;68;;;;;;;;;1198;339;;7911;;;;;;
271;Karlsruhe-Stadt;08;202812;202812;168556;168556;1126;712;167430;167844;25553;26164;39599;37646;51305;40424;6399;8657;22985;22677;;;13354;18801;2015;993;;1393;;352;1945;1020;;;;;4020;2745;;223;;;;;;;;269;;;255;95;;;;;;;;;;139;;6246;;;;;;
272;Karlsruhe-Land;08;207276;207276;176250;176250;1476;848;174774;175402;26152;26361;68439;58135;22739;23378;7333;9721;32290;33393;;;8836;9790;4592;2329;;1774;;458;2083;889;;;;;2310;1524;;255;;;;;;;;408;;;;50;;;;;;;;;;193;;6744;;;;;;
273;Rastatt;08;200964;200964;163983;163983;1529;1050;162454;162933;24570;23552;63111;54349;18275;17673;5727;8032;36075;36771;;;7609;8737;5410;2611;;1614;1677;713;;661;;;;;;1021;;205;;;;;;;;143;;;;38;;;;;;;;;;194;;6619;;;;;;
274;Heidelberg;08;218284;218284;186540;186540;1156;799;185384;185741;29464;31556;54060;48787;51423;40599;6767;10535;22182;22414;;;13225;18830;2566;1377;;1323;;318;2271;913;;;;;3251;2100;;221;;;;;;;;171;;;175;52;;;;;;;;;;157;;6388;;;;;;
275;Mannheim;08;195336;195336;153137;153137;1234;874;151903;152263;34133;27685;37564;35226;27491;24375;6389;7836;27165;26730;;;12114;17209;2626;1127;2759;1754;;322;1441;824;;;;;;1485;;167;;;;;;;;169;;;221;82;;;;;;;;;;144;;7128;;;;;;
276;Odenwald – Tauber;08;206482;206482;171412;171412;1520;1079;169892;170333;24015;22572;72796;61951;13335;14283;5336;8157;39072;40149;;;7689;8330;5757;3245;;1475;1892;698;;698;;;;;;778;;437;;;;;;;;235;;;;31;;;;;;;;;;196;;7098;;;;;;
277;Rhein-Neckar;08;195506;195506;163944;163944;1465;928;162479;163016;33082;25577;55932;50684;17909;20053;7029;9194;33084;33689;;;8276;10194;4754;2214;;1538;;422;;740;;;;;2413;1437;;222;;;;;;;;288;;;;35;;;;;;;;;;180;;6549;;;;;;
278;Bruchsal – Schwetzingen;08;194214;194214;162110;162110;1641;973;160469;161137;26193;23130;57953;51746;17222;17612;6690;8450;35699;36132;;;8289;9271;5664;2544;;2048;;497;;797;;;;;2759;1258;;218;;;;;;;;182;;;;35;;;;;;;;;;208;;7009;;;;;;
279;Pforzheim;08;212982;212982;174317;174317;2290;979;172027;173338;36222;22823;63758;52835;;18236;9382;10769;46265;43959;;;11022;9320;;1988;;2042;;526;;705;;;;;5378;1343;;263;;;;;;;;589;;;;51;;;;;;;;;;229;;7660;;;;;;
280;Calw;08;197556;197556;163676;163676;1275;868;162401;162808;20936;19865;63396;55072;13187;14354;6842;9667;39321;41608;;;6312;7650;5818;2671;2426;1520;;536;;505;;;;;1523;898;;322;;;;;;;2021;1325;;;;28;;;;;;;;;619;264;;6523;;;;;;
281;Freiburg;08;228338;228338;196060;196060;1297;795;194763;195265;30485;29933;47806;43343;63281;51966;5542;8284;20008;20285;;;19518;27165;2574;1400;;1649;;463;1842;903;;;;;3469;2140;;373;;;;;;;;275;;;238;74;;;;;;;;;;156;;6856;;;;;;
282;Lörrach – Müllheim;08;229946;229946;187831;187831;1465;1052;186366;186779;32288;29798;61900;54618;29238;28450;5810;9156;32848;33960;;;11325;12651;10174;3622;;2005;;601;;922;;;;;2783;1528;;351;;;;;;;;508;;;;66;;;;;;;;;;198;;8345;;;;;;
283;Emmendingen – Lahr;08;218790;218790;182330;182330;1463;1021;180867;181309;40198;28144;66980;58417;18327;23990;5693;8496;34276;35303;;;8518;10694;6875;3352;;2073;;509;;880;;;;;;1229;;391;;;;;;;;284;;;;44;;;;;;;;;;193;;7310;;;;;;
284;Offenburg;08;204663;204663;167895;167895;1709;1094;166186;166801;21577;22195;63491;56002;20488;18512;7405;8781;34411;36359;;;8988;9490;7685;3182;;1564;;718;;683;;;;;2141;1164;;261;;;;;;;;183;;;;29;;;;;;;;;;155;;7523;;;;;;
285;Rottweil – Tuttlingen;08;196201;196201;161406;161406;1586;1145;159820;160261;17696;17306;62241;55063;12461;12443;8723;9737;43998;43400;;;7144;7540;4794;2350;;1504;;632;;637;;;;;2763;1264;;522;;;;;;;;356;;;;30;;;;;;;;;;229;;7248;;;;;;
286;Schwarzwald-Baar;08;160370;160370;131136;131136;1065;905;130071;130231;19395;16814;55045;44340;9979;12895;4524;6873;29141;30951;;;5295;6591;2933;2066;;1243;;481;;502;;;;;1499;929;;232;;;;;;;;285;;;;47;;;;;;;;;;172;;5810;;;;;2260;
287;Konstanz;08;207094;207094;170740;170740;1169;794;169571;169946;26451;22599;63922;51150;25390;28614;7363;9833;29584;31134;;;9987;12660;3341;1929;;1349;;466;;872;;;;;2911;1691;;301;;;;;;;;219;;;;48;;;;;;;;;;148;;6933;;;;;622;
288;Waldshut;08;176269;176269;145432;145432;1029;761;144403;144671;26960;20751;54464;48694;16809;19776;5169;7212;26708;27608;;;6839;8199;4321;2411;;1207;1372;623;;541;;;;;1761;1184;;286;;;;;;;;220;;;;41;;;;;;;;;;176;;5742;;;;;;
289;Reutlingen;08;197838;197838;165466;165466;1264;812;164202;164654;22440;21626;63189;53652;20868;20122;9115;10605;32481;34595;;;9120;9970;4645;2127;;1310;;443;2054;766;;;;;;993;;269;;;;;;;;363;;;290;73;;;;;;;;;;195;;7545;;;;;;
290;Tübingen;08;199799;199799;172209;172209;1209;732;171000;171477;22148;23886;54250;48875;42175;32947;6244;8579;26760;27676;;;10520;16466;3861;1756;;1152;;407;1667;719;;;;;1802;1280;;332;;;;;;;;278;;;;88;;;;;;;;;;204;;6832;;;;;1573;
291;Ulm;08;223539;223539;190052;190052;1282;932;188770;189120;25216;25474;73229;64118;29343;25669;6700;9748;34984;36440;;;9376;12210;3799;2556;2962;1751;;530;;737;;;;;1717;1289;;409;;;;;;;;297;;;218;76;;;;;;;;;1226;439;;7377;;;;;;
292;Biberach;08;169789;169789;144530;144530;1020;788;143510;143742;18225;14951;58651;55024;14819;14064;5555;7298;32075;33315;;;5447;6496;4638;2696;2401;1258;;613;;558;;;;;1699;885;;576;;;;;;;;273;;;;29;;;;;;;;;;215;;5491;;;;;;
293;Bodensee;08;173329;173329;145122;145122;1102;770;144020;144352;21967;18778;57654;50583;18268;19560;4629;8286;29316;27287;;;6089;8004;3534;2020;;1053;;507;;585;;;;;2332;1117;;313;;;;;;;;209;;;231;50;;;;;;;;;;153;;5847;;;;;;
294;Ravensburg;08;188226;188226;157997;157997;1224;761;156773;157236;17209;18446;60700;55057;23870;20841;8948;8525;29160;29900;;;9809;10188;4667;2667;;1232;;730;;716;;;;;2410;1308;;623;;;;;;;;270;;;;46;;;;;;;;;;169;;6518;;;;;;
295;Zollernalb – Sigmaringen;08;180742;180742;148786;148786;1625;865;147161;147921;28895;16343;54652;54043;7836;11151;6169;8083;38498;38788;;;5850;7256;3849;2053;;1305;;455;;613;;;;;;654;;285;;;;;;;;232;;;318;101;;;;;;;;;1094;366;;6193;;;;;;
08;Baden-Württemberg;99;7653940;7653940;6382217;6382217;50411;33131;6331806;6349086;1002196;898702;2280323;2006537;887520;865594;271781;357485;1231058;1256267;;;359992;429472;163833;86284;10548;55878;17273;21859;20288;28034;;;;;69155;49001;1792;12256;;;;;;;2021;11784;;;3573;2402;;;;;;;;;4821;7743;;259788;;;;;5632;
;;;;;;;;;;;;;;;;;;;;;;;;;;;;;;;;;;;;;;;;;;;;;;;;;;;;;;;;;;;;;;;;;;;;;;
296;Saarbrücken;10;187345;187345;148757;148757;1861;1271;146896;147486;47529;32526;36390;33745;10868;14614;5280;6455;30329;29591;;;12423;14566;3524;1457;;2998;;;;;;;;468;;1217;;;;;;;;;;;;;553;133;;;;;;;;;;374;;9342;;;;;;
297;Saarlouis;10;198307;198307;164763;164763;2378;1637;162385;163126;46006;34687;51702;46087;7726;10185;5260;7259;35619;35420;;;10902;11036;5170;2170;;3333;;;;;;;;469;;1000;;;;;;;;;;;;;;55;;;;;;;;;;384;;11041;;;;;;
298;St. Wendel;10;168073;168073;143180;143180;1871;1443;141309;141737;40409;31470;47870;42958;5341;8744;5363;5753;29033;29390;;;8133;8583;5160;2322;;2892;;;;;;;;409;;688;;;;;;;;;;;;;;47;;;;;;;;;;363;;8118;;;;;;
299;Homburg;10;180528;180528;148003;148003;1987;1340;146016;146663;44560;32333;40910;38206;6479;9652;4685;6222;34096;34800;;;9695;9813;5591;2504;;3024;;;;;;;;410;;809;;;;;;;;;;;;;;68;;;;;;;;;;363;;8459;;;;;;
10;Saarland;99;734253;734253;604703;604703;8097;5691;596606;599012;178504;131016;176872;160996;30414;43195;20588;25689;129077;129201;;;41153;43998;19445;8453;;12247;;;;;;;;1756;;3714;;;;;;;;;;;;;553;303;;;;;;;;;;1484;;36960;;;;;;
;;;;;;;;;;;;;;;;;;;;;;;;;;;;;;;;;;;;;;;;;;;;;;;;;;;;;;;;;;;;;;;;;;;;;;
99;Bundesgebiet;;60490603;60490603;49927315;49927315;429129;285228;49498186;49642087;9934614;8148284;12601967;11194700;5442912;5761476;1623351;2148878;10175438;10327148;3271730;2963732;3932584;4355382;1254488;769170;82485;482032;41903;85557;122386;242806;9757;24558;2152;13809;391577;355146;54641;49730;58773;76126;;304;1873;14446;2021;11784;5784;12315;24208;19876;;694;1282;21377;73;425;1303;719;88046;79012;299226;2468670;658;7128;2844;6803;70110;
